StockCode,Description
71459,HANGING JAM JAR T-LIGHT HOLDER
21128,GOLD FISHING GNOME
21086,SET/6 RED SPOTTY PAPER CUPS
22812,PACK 3 BOXES CHRISTMAS PANETTONE
22180,RETROSPOT LAMP
82482,WOODEN PICTURE FRAME WHITE FINISH
22614,PACK OF 12 SPACEBOY TISSUES
22596,CHRISTMAS STAR WISH LIST CHALKBOARD
21109,LARGE CAKE TOWEL CHOCOLATE SPOTS
23297,SET 40 HEART SHAPE PETIT FOUR CASES
82484,WOOD BLACK BOARD ANT WHITE FINISH
21108,FAIRY CAKE FLANNEL ASSORTED COLOUR
22799,SWEETHEART WIRE FRUIT BOWL
22115,METAL SIGN EMPIRE TEA
84508A,CAMOUFLAGE DESIGN TEDDY
21499,BLUE POLKADOT WRAP
22622,BOX OF VINTAGE ALPHABET BLOCKS
23169,CLASSIC GLASS COOKIE JAR
21936,RED RETROSPOT PICNIC BAG
22669,RED BABY BUNTING 
22667,RECIPE BOX RETROSPOT 
20685,DOORMAT RED RETROSPOT
23232,WRAP VINTAGE LEAF DESIGN
22586,FELTCRAFT HAIRBAND PINK AND BLUE
21987,PACK OF 6 SKULL PAPER CUPS
23420,PANTRY HOOK TEA STRAINER 
21080,SET/20 RED RETROSPOT PAPER NAPKINS 
23203,JUMBO BAG VINTAGE DOILY 
22468,BABUSHKA LIGHTS STRING OF 10
23031,DRAWER KNOB CRACKLE GLAZE PINK
22046,TEA PARTY  WRAPPING PAPER 
23225,CHERUB HEART DECORATION SILVER 
71477,COLOUR GLASS. STAR T-LIGHT HOLDER
48116,DOORMAT MULTICOLOUR STRIPE
51014A,"FEATHER PEN,HOT PINK"
35970,ZINC FOLKART SLEIGH BELLS
22659,LUNCH BOX I LOVE LONDON
82599,FANNY'S REST STOPMETAL SIGN
22726,ALARM CLOCK BAKELIKE GREEN
23165,LARGE CERAMIC TOP STORAGE JAR
21933,PINK VINTAGE PAISLEY PICNIC BAG
21916,SET 12 RETRO WHITE CHALK STICKS
22523,CHILDS GARDEN FORK PINK
22416,SET OF 36 SPACEBOY PAPER DOILIES
47590B,PINK HAPPY BIRTHDAY BUNTING
84879,ASSORTED COLOUR BIRD ORNAMENT
82483,WOOD 2 DRAWER CABINET WHITE FINISH
22366,DOORMAT AIRMAIL 
84029G,KNITTED UNION FLAG HOT WATER BOTTLE
21385,IVORY HANGING DECORATION  HEART
22367,CHILDRENS APRON SPACEBOY DESIGN
23148,MINIATURE ANTIQUE ROSE HOOK IVORY
21731,RED TOADSTOOL LED NIGHT LIGHT
21810,CHRISTMAS HANGING STAR WITH BELL
22561,WOODEN SCHOOL COLOURING SET
21927,BLUE/CREAM STRIPE CUSHION COVER 
22352,LUNCH BOX WITH CUTLERY RETROSPOT 
23427,STOOL HOME SWEET HOME 
79000,MOROCCAN TEA GLASS
23501,KEY RING BASEBALL BOOT UNION JACK
22890,NOVELTY BISCUITS CAKE STAND 3 TIER
21174,POTTERING IN THE SHED METAL SIGN
84375,SET OF 20 KIDS COOKIE CUTTERS
84792,ENCHANTED BIRD COATHANGER 5 HOOK
15036,ASSORTED COLOURS SILK FAN
21623,VINTAGE UNION JACK MEMOBOARD
90201B,BLACK ENAMEL FLOWER RING
71038,WHITE HANGING BEADS CANDLE HOLDER
22423,REGENCY CAKESTAND 3 TIER
84946,ANTIQUE SILVER T-LIGHT GLASS
22670,FRENCH WC SIGN BLUE METAL
22652,TRAVEL SEWING KIT
84030E,ENGLISH ROSE HOT WATER BOTTLE
22913,RED COAT RACK PARIS FASHION
23084,RABBIT NIGHT LIGHT
84360,TABLE LAMP WHITE SHADE WOOD BASE
22502,PICNIC BASKET WICKER SMALL
22749,FELTCRAFT PRINCESS CHARLOTTE DOLL
22923,FRIDGE MAGNETS LES ENFANTS ASSORTED
72349B,SET/6 PURPLE BUTTERFLY T-LIGHTS
23205,CHARLOTTE BAG VINTAGE ALPHABET 
20963,APPLE BATH SPONGE
20970,PINK FLORAL FELTCRAFT SHOULDER BAG
23288,GREEN VINTAGE SPOT BEAKER
21851,LILAC DIAMANTE PEN IN GIFT BOX
22338,STAR DECORATION PAINTED ZINC 
21877,HOME SWEET HOME MUG
23266,SET OF 3 WOODEN STOCKING DECORATION
47504K,ENGLISH ROSE GARDEN SECATEURS
22791,T-LIGHT GLASS FLUTED ANTIQUE
22610,PENS ASSORTED FUNNY FACE
21668,RED STRIPE CERAMIC DRAWER KNOB
23240,SET OF 4 KNICK KNACK TINS DOILEY 
22112,CHOCOLATE HOT WATER BOTTLE
22630,DOLLY GIRL LUNCH BOX
85114A,BLACK ENCHANTED FOREST PLACEMAT
23199,JUMBO BAG APPLES
22990,COTTON APRON PANTRY DESIGN
22295,HEART FILIGREE DOVE LARGE
23078,ICE CREAM PEN LIP GLOSS 
85144,JARDIN ETCHED GLASS CHEESE DISH
23206,LUNCH BAG APPLE DESIGN
85150,LADIES & GENTLEMEN METAL SIGN
22568,FELTCRAFT CUSHION OWL
21714,CITRONELLA CANDLE GARDEN POT
23493,VINTAGE DOILY TRAVEL SEWING KIT
22844,VINTAGE CREAM DOG FOOD CONTAINER
85152,HAND OVER THE CHOCOLATE   SIGN 
23350,ROLL WRAP VINTAGE SPOT 
23079,TOADSTOOL BEDSIDE LIGHT 
84926D,LA PALMIERA TILE COASTER
23159,SET OF 5 PANCAKE DAY MAGNETS
22553,PLASTERS IN TIN SKULLS
23333,IVORY WICKER HEART MEDIUM
22818,CARD CHRISTMAS VILLAGE
23570,TRADITIONAL PICK UP STICKS GAME 
21394,RED POLKADOT BEAKER 
23292,SPACEBOY CHILDRENS CUP
22837,HOT WATER BOTTLE BABUSHKA 
20668,DISCO BALL CHRISTMAS DECORATION
22998,TRAVEL CARD WALLET KEEP CALM
82551,LAUNDRY 15C METAL SIGN
22328,ROUND SNACK BOXES SET OF 4 FRUITS 
85040A,S/4 PINK FLOWER CANDLES IN BOWL
84535B,FAIRY CAKES NOTEBOOK A6 SIZE
21899,GARAGE KEY FOB
22199,FRYING PAN RED RETROSPOT
82613B,"METAL SIGN,CUPCAKE SINGLE HOOK"
23426,METAL SIGN DROP YOUR PANTS
22079,RIBBON REEL HEARTS DESIGN 
22771,CLEAR DRAWER KNOB ACRYLIC EDWARDIAN
23320,GIANT 50'S CHRISTMAS CRACKER
23192,BUNDLE OF 3 ALPHABET EXERCISE BOOKS
21901,"KEY FOB , BACK DOOR "
21137,BLACK RECORD COVER FRAME
23349,ROLL WRAP VINTAGE CHRISTMAS
22866,HAND WARMER SCOTTY DOG DESIGN
84347,ROTATING SILVER ANGELS T-LIGHT HLDR
21111,"SWISS ROLL TOWEL, CHOCOLATE  SPOTS"
22937,BAKING MOULD CHOCOLATE CUPCAKES
22915,ASSORTED BOTTLE TOP  MAGNETS 
22592,CARDHOLDER HOLLY WREATH METAL
46000M,POLYESTER FILLER PAD 45x45cm
22951,60 CAKE CASES DOLLY GIRL DESIGN
23343,JUMBO BAG VINTAGE CHRISTMAS 
23197,SKETCHBOOK MAGNETIC SHOPPING LIST
21544,SKULLS  WATER TRANSFER TATTOOS 
22411,JUMBO SHOPPER VINTAGE RED PAISLEY
84725,FREESTYLE CANVAS ART PICTURE
POST,POSTAGE
23174,REGENCY SUGAR BOWL GREEN
22536,MAGIC DRAWING SLATE PURDEY
79321,CHILLI LIGHTS
21212,PACK OF 72 RETROSPOT CAKE CASES
84945,MULTI COLOUR SILVER T-LIGHT HOLDER
90014B,GOLD M PEARL  ORBIT NECKLACE
22439,6 ROCKET BALLOONS 
84731,3 BIRDS CANVAS SCREEN
22631,CIRCUS PARADE LUNCH BOX 
20725,LUNCH BAG RED RETROSPOT
21469,POLKA DOT RAFFIA FOOD COVER
37444C,PINK BREAKFAST CUP AND SAUCER 
22077,6 RIBBONS RUSTIC CHARM
21217,RED RETROSPOT ROUND CAKE TINS
21078,SET/20 STRAWBERRY PAPER NAPKINS 
23489,VINTAGE BELLS GARLAND
23049,RECYCLED ACAPULCO MAT RED
23394,POSTE FRANCE CUSHION COVER
23503,PLAYING CARDS KEEP CALM & CARRY ON
85066,CREAM SWEETHEART MINI CHEST
20728,LUNCH BAG CARS BLUE
21592,RETROSPOT CIGAR BOX MATCHES 
22699,ROSES REGENCY TEACUP AND SAUCER 
22894,TABLECLOTH RED APPLES DESIGN 
23403,LETTER HOLDER HOME SWEET HOME
82494L,WOODEN FRAME ANTIQUE WHITE 
20726,LUNCH BAG WOODLAND
22995,TRAVEL CARD WALLET SUKI
22865,HAND WARMER OWL DESIGN
22849,BREAD BIN DINER STYLE MINT
21874,GIN AND TONIC MUG
84969,BOX OF 6 ASSORTED COLOUR TEASPOONS
21232,STRAWBERRY CERAMIC TRINKET BOX
21888,BINGO SET
23319,BOX OF 6 MINI 50'S CRACKERS
22694,WICKER STAR 
22978,PANTRY ROLLING PIN
21975,PACK OF 60 DINOSAUR CAKE CASES
21700,BIG DOUGHNUT FRIDGE MAGNETS
21169,YOU'RE CONFUSING ME METAL SIGN 
23245,SET OF 3 REGENCY CAKE TINS
21931,JUMBO STORAGE BAG SUKI
21218,RED SPOTTY BISCUIT TIN
84536A,ENGLISH ROSE NOTEBOOK A7 SIZE
22697,GREEN REGENCY TEACUP AND SAUCER
22899,CHILDREN'S APRON DOLLY GIRL 
22297,HEART IVORY TRELLIS SMALL
23183,MOTHER'S KITCHEN SPOON REST 
21985,PACK OF 12 HEARTS DESIGN TISSUES 
20828,GLITTER BUTTERFLY CLIPS
47566,PARTY BUNTING
23207,LUNCH BAG ALPHABET DESIGN
22024,RAINY LADIES BIRTHDAY CARD
22110,BIRD HOUSE HOT WATER BOTTLE
22358,KINGS CHOICE TEA CADDY 
23408,PHOTO FRAME LINEN AND LACE SMALL
21260,FIRST AID TIN
85174,S/4 CACTI CANDLES
22674,FRENCH TOILET SIGN BLUE METAL
22192,BLUE DINER WALL CLOCK
22815,CARD PSYCHEDELIC APPLES
22507,MEMO BOARD RETROSPOT  DESIGN
22348,TEA BAG PLATE RED RETROSPOT
22514,CHILDS GARDEN SPADE BLUE
15058A,BLUE POLKADOT GARDEN PARASOL
22626,BLACK KITCHEN SCALES
21730,GLASS STAR FROSTED T-LIGHT HOLDER
23398,HANGING HEART BONHEUR
23242,TREASURE TIN BUFFALO BILL 
23188,VINTAGE  2 METER FOLDING RULER
22111,SCOTTIE DOG HOT WATER BOTTLE
22197,SMALL POPCORN HOLDER
22960,JAM MAKING SET WITH JARS
22629,SPACEBOY LUNCH BOX 
21929,JUMBO BAG PINK VINTAGE PAISLEY
23196,VINTAGE LEAF MAGNETIC NOTEPAD
22770,MIRROR CORNICE
23531,WALL ART BIG LOVE 
21124,SET/10 BLUE POLKADOT PARTY CANDLES
22083,PAPER CHAIN KIT RETROSPOT
21930,JUMBO STORAGE BAG SKULLS
21154,RED RETROSPOT OVEN GLOVE 
22117,METAL SIGN HER DINNER IS SERVED 
84915,HAND TOWEL PINK FLOWER AND DAISY
22727,ALARM CLOCK BAKELIKE RED 
23255,CHILDRENS CUTLERY CIRCUS PARADE
72741,GRAND CHOCOLATECANDLE
85169C,EAU DE NIL LOVE BIRD CANDLE
23146,TRIPLE HOOK ANTIQUE IVORY ROSE
22778,GLASS CLOCHE SMALL
21348,PINK SPOTS CHOCOLATE NESTING BOXES 
22481,BLACK TEA TOWEL CLASSIC DESIGN
23321,SMALL WHITE HEART OF WICKER
22846,BREAD BIN DINER STYLE RED 
85200,BUNNY EGG BOX
84510C,SET OF 4 POLKADOT COASTERS
21533,RETROSPOT LARGE MILK JUG
20969,RED FLORAL FELTCRAFT SHOULDER BAG
22558,CLOTHES PEGS RETROSPOT PACK 24 
20983,12 PENCILS TALL TUBE RED RETROSPOT
22666,RECIPE BOX PANTRY YELLOW DESIGN
22178,VICTORIAN GLASS HANGING T-LIGHT
22627,MINT KITCHEN SCALES
21790,VINTAGE SNAP CARDS
23286,BLUE VINTAGE SPOT BEAKER
23000,TRAVEL CARD WALLET TRANSPORT
20712,JUMBO BAG WOODLAND ANIMALS
21135,VICTORIAN  METAL POSTCARD SPRING
85123A,WHITE HANGING HEART T-LIGHT HOLDER
22646,CERAMIC STRAWBERRY CAKE MONEY BANK
21889,WOODEN BOX OF DOMINOES
22580,ADVENT CALENDAR GINGHAM SACK
22729,ALARM CLOCK BAKELIKE ORANGE
23052,RECYCLED ACAPULCO MAT TURQUOISE
22578,WOODEN STAR CHRISTMAS SCANDINAVIAN
22541,MINI JIGSAW LEAP FROG
21441,BLUE BIRDHOUSE DECORATION
23241,TREASURE TIN GYMKHANA DESIGN
20914,SET/5 RED RETROSPOT LID GLASS BOWLS
22169,FAMILY ALBUM WHITE PICTURE FRAME
23382,BOX OF 6 CHRISTMAS CAKE DECORATIONS
22355,CHARLOTTE BAG SUKI DESIGN
21116,OWL DOORSTOP
22834,HAND WARMER BABUSHKA DESIGN
22086,PAPER CHAIN KIT 50'S CHRISTMAS 
21061,PARTY INVITES FOOTBALL
23221,REINDEER HEART DECORATION SILVER
23283,DOORMAT VINTAGE LEAVES DESIGN 
20719,WOODLAND CHARLOTTE BAG
17012B,ORIGAMI JASMINE INCENSE/CANDLE SET
23145,ZINC T-LIGHT HOLDER STAR LARGE
23508,MINI PLAYING CARDS DOLLY GIRL 
21245,GREEN POLKADOT PLATE 
23392,SPACEBOY ROCKET LOLLY MAKERS
21481,FAWN BLUE HOT WATER BOTTLE
22675,FRENCH KITCHEN SIGN BLUE METAL
23265,SET OF 3 WOODEN TREE DECORATIONS
22709,WRAP WEDDING DAY
22650,CERAMIC PIRATE CHEST MONEY BANK
82580,BATHROOM METAL SIGN
84859C,PINK DISCO HANDBAG
20975,12 PENCILS SMALL TUBE RED RETROSPOT
23569,TRADTIONAL ALPHABET STAMP SET
21913,VINTAGE SEASIDE JIGSAW PUZZLES
22197,POPCORN HOLDER
22835,HOT WATER BOTTLE I AM SO POORLY
23002,TRAVEL CARD WALLET SKULLS
22119,PEACE WOODEN BLOCK LETTERS
22848,BREAD BIN DINER STYLE PINK
22139,RETROSPOT TEA SET CERAMIC 11 PC 
22993,SET OF 4 PANTRY JELLY MOULDS
23100,SILVER BELLS TABLE DECORATION
21219,SET/4 BADGES BALLOON GIRL
20984,12 PENCILS TALL TUBE POSY
82486,WOOD S/3 CABINET ANT WHITE FINISH
23389,SPACEBOY MINI BACKPACK
23487,SWEET HEART CAKE CARRIER
23160,REGENCY TEA SPOON
21509,COWBOYS AND INDIANS BIRTHDAY CARD 
22634,CHILDS BREAKFAST SET SPACEBOY 
84988,SET OF 72 PINK HEART PAPER DOILIES
90185C,BLACK DIAMANTE EXPANDABLE RING
21206,STRAWBERRY HONEYCOMB  GARLAND 
22055,MINI CAKE STAND  HANGING STRAWBERY
21899,"KEY FOB , GARAGE DESIGN"
72807A,SET/3 ROSE CANDLE IN JEWELLED BOX
21175,GIN + TONIC DIET METAL SIGN
85099C,JUMBO  BAG BAROQUE BLACK WHITE
22705,WRAP GREEN PEARS 
23091,ZINC HERB GARDEN CONTAINER
20752,BLUE POLKADOT WASHING UP GLOVES
23512,EMBROIDERED RIBBON REEL ROSIE
22539,MINI JIGSAW DOLLY GIRL
22896,PEG BAG APPLES DESIGN
23209,LUNCH BAG VINTAGE DOILY 
21213,PACK OF 72 SKULL CAKE CASES
21789,KIDS RAIN MAC PINK
21993,FLORAL FOLK STATIONERY SET
22429,ENAMEL MEASURING JUG CREAM
21989,PACK OF 20 SKULL PAPER NAPKINS
21917,SET 12 KIDS  WHITE CHALK STICKS
21976,PACK OF 60 MUSHROOM CAKE CASES
48111,DOORMAT 3 SMILEY CATS
21390,FILIGRIS HEART WITH BUTTERFLY
21636,MADRAS NOTEBOOK MEDIUM
16161P,WRAP ENGLISH ROSE 
23533,WALL ART GARDEN HAVEN 
23231,WRAP DOILEY DESIGN
22979,PANTRY WASHING UP BRUSH
21463,MIRRORED DISCO BALL 
22929,SCHOOL DESK AND CHAIR 
22773,GREEN DRAWER KNOB ACRYLIC EDWARDIAN
22031,BOTANICAL LAVENDER BIRTHDAY CARD
21710,FOLDING UMBRELLA PINKWHITE POLKADOT
22161,HEART DECORATION RUSTIC HANGING 
22061,LARGE CAKE STAND  HANGING STRAWBERY
20972,PINK CREAM FELT CRAFT TRINKET BOX 
44092C,PURPLE/COPPER HANGING LAMPSHADE
75049L,LARGE CIRCULAR MIRROR MOBILE
22893,MINI CAKE STAND T-LIGHT HOLDER
23067,HANGING ENGRAVED METAL HEART
20724,RED RETROSPOT CHARLOTTE BAG
23033,DRAWER KNOB CERAMIC RED
22757,LARGE RED BABUSHKA NOTEBOOK 
22619,SET OF 6 SOLDIER SKITTLES
84692,BOX OF 24 COCKTAIL PARASOLS
21914,BLUE HARMONICA IN BOX 
22291,HANGING CHICK CREAM DECORATION
23355,HOT WATER BOTTLE KEEP CALM
84755,COLOUR GLASS T-LIGHT HOLDER HANGING
22432,WATERING CAN PINK BUNNY
22813,PACK 3 BOXES BIRD PANNETONE 
22261,FELT EGG COSY WHITE RABBIT 
23119,PACK OF 6 LARGE FRUIT STRAWS 
22147,FELTCRAFT BUTTERFLY HEARTS
21990,MODERN FLORAL STATIONERY SET
72802A,ROSE SCENT CANDLE IN JEWELLED BOX
23109,LED TEA LIGHTS
22914,BLUE COAT RACK PARIS FASHION
23236,DOILEY STORAGE TIN
22231,JIGSAW TREE WITH BIRDHOUSE
21922,UNION STRIPE WITH FRINGE  HAMMOCK
22559,SEASIDE FLYING DISC
15044A,PINK PAPER PARASOL 
22469,HEART OF WICKER SMALL
21039,RED RETROSPOT SHOPPING BAG
23029,DRAWER KNOB CRACKLE GLAZE GREEN
22654,DELUXE SEWING KIT 
85099B,JUMBO BAG RED RETROSPOT
22579,WOODEN TREE CHRISTMAS SCANDINAVIAN
22768,FAMILY PHOTO FRAME CORNICE
22488,NATURAL SLATE RECTANGLE CHALKBOARD
23153,ZINC SWEETHEART WIRE LETTER RACK
22187,GREEN CHRISTMAS TREE CARD HOLDER
22624,IVORY KITCHEN SCALES
84997D,PINK 3 PIECE POLKADOT CUTLERY SET
84997D,CHILDRENS CUTLERY POLKADOT PINK
22759,SET OF 3 NOTEBOOKS IN PARCEL
22900,SET 2 TEA TOWELS I LOVE LONDON 
22499,WOODEN UNION JACK BUNTING
17084N,FAIRY DREAMS INCENSE 
23133,LARGE IVORY HEART WALL ORGANISER
21156,RETROSPOT CHILDRENS APRON
22748,POPPY'S PLAYHOUSE KITCHEN
22412,METAL SIGN NEIGHBOURHOOD WITCH 
23215,JINGLE BELL HEART ANTIQUE SILVER
21257,VICTORIAN SEWING BOX MEDIUM
21559,STRAWBERRY LUNCH BOX WITH CUTLERY
23301,GARDENERS KNEELING PAD KEEP CALM 
21155,RED RETROSPOT PEG BAG
22570,FELTCRAFT CUSHION RABBIT
23494,VINTAGE DOILY DELUXE SEWING KIT 
22138,BAKING SET 9 PIECE RETROSPOT 
23396,LE JARDIN BOTANIQUE CUSHION COVER
22478,BIRDHOUSE GARDEN MARKER 
22082,RIBBON REEL STRIPES DESIGN 
85170C,SET/6 EAU DE NIL BIRD T-LIGHTS
21262,WHITE GOOSE FEATHER CHRISTMAS TREE 
22375,AIRLINE BAG VINTAGE JET SET BROWN
90035C,"PEARL & SHELL 42""NECKL. IVORY"
90214C,"LETTER ""C"" BLING KEY RING"
23263,SET OF 3 WOODEN HEART DECORATIONS
22728,ALARM CLOCK BAKELIKE PINK
90094,NECKLACE+BRACELET SET FRUIT SALAD 
35915B,BLUE KNITTED HEN 
22151,PLACE SETTING WHITE HEART
84625A,PINK NEW BAROQUECANDLESTICK CANDLE
16169E,WRAP 50'S  CHRISTMAS
23507,MINI PLAYING CARDS BUFFALO BILL 
82583,HOT BATHS METAL SIGN
23461,SWEETHEART BIRD HOUSE
22565,FELTCRAFT HAIRBANDS PINK AND WHITE 
21733,RED HANGING HEART T-LIGHT HOLDER
82600,NO SINGING METAL SIGN
22934,BAKING MOULD EASTER EGG WHITE CHOC
22671,FRENCH LAUNDRY SIGN BLUE METAL
21329,DINOSAURS  WRITING SET 
21786,POLKADOT RAIN HAT 
84819,DANISH ROSE ROUND SEWING BOX
22733,3D TRADITIONAL CHRISTMAS STICKERS
21980,PACK OF 12 RED RETROSPOT TISSUES 
22698,PINK REGENCY TEACUP AND SAUCER
15056N,EDWARDIAN PARASOL NATURAL
20981,12 PENCILS TALL TUBE WOODLAND
23093,SMALL PARISIENNE HEART PHOTO FRAME 
23172,REGENCY TEA PLATE PINK
85017B,ENVELOPE 50 BLOSSOM IMAGES
23126,FELTCRAFT GIRL AMELIE KIT
21830,ASSORTED CREEPY CRAWLIES
23004,TRAVEL CARD WALLET PANTRY
21391,FRENCH LAVENDER SCENT HEART
22383,LUNCH BAG SUKI DESIGN 
22262,FELT EGG COSY CHICKEN
84341B,SMALL PINK MAGIC CHRISTMAS TREE
22662,LUNCH BAG DOLLY GIRL DESIGN
20886,BOX OF 9 PEBBLE CANDLES
20723,STRAWBERRY CHARLOTTE BAG
47559B,TEA TIME OVEN GLOVE
21136,PAINTED METAL PEARS ASSORTED
84596L,BISCUITS SMALL BOWL LIGHT BLUE
21870,I CAN ONLY PLEASE ONE PERSON MUG
22380,TOY TIDY SPACEBOY  
23485,BOTANICAL GARDENS WALL CLOCK 
22203,MILK PAN RED RETROSPOT
84800S,SMALL WHITE/PINK ROSE ART FLOWER
23270,SET OF 2 CERAMIC PAINTED HEARTS 
23581,JUMBO BAG PAISLEY PARK
22312,OFFICE MUG WARMER POLKADOT
22464,HANGING METAL HEART LANTERN
21531,RED RETROSPOT SUGAR JAM BOWL
22519,CHILDS GARDEN BRUSH PINK
22967,SET 3 SONG BIRD PAPER EGGS ASSORTED
22465,HANGING METAL STAR LANTERN
22819,"BIRTHDAY CARD, RETRO SPOT"
23661,MILK MAIDS MUG 
22804,PINK HANGING HEART T-LIGHT HOLDER
22989,SET 2 PANTRY DESIGN TEA TOWELS
21327,SKULLS WRITING SET 
22281,EASTER TREE YELLOW BIRDS
21756,BATH BUILDING BLOCK WORD
23113,PANTRY CHOPPING BOARD
16014,SMALL CHINESE STYLE SCISSOR
23381,PACK OF 12 VINTAGE LEAF TISSUES 
22589,CARDHOLDER GINGHAM STAR
21616,4 PEAR BOTANICAL DINNER CANDLES
22171,3 HOOK PHOTO SHELF ANTIQUE WHITE
21382,SET/4 SPRING FLOWER DECORATION
22028,PENNY FARTHING BIRTHDAY CARD
21793,CLASSIC FRENCH STYLE BASKET BROWN
23204,CHARLOTTE BAG APPLES DESIGN
23298,SPOTTY BUNTING
22333,RETROSPOT PARTY BAG + STICKER SET
21577,SAVE THE PLANET COTTON TOTE BAG
84029E,RED WOOLLY HOTTIE WHITE HEART.
23127,FELTCRAFT GIRL NICOLE KIT
22467,GUMBALL COAT RACK
22988,SOLDIERS EGG CUP 
21523,DOORMAT FANCY FONT HOME SWEET HOME
22470,HEART OF WICKER LARGE
22300,COFFEE MUG DOG + BALL DESIGN
17001,HEAVENS SCENT FRAGRANCE OILS ASSTD
22317,FIVE CATS HANGING DECORATION
20839,FRENCH PAISLEY CUSHION COVER 
23344,JUMBO BAG 50'S CHRISTMAS 
21624,VINTAGE UNION JACK DOORSTOP
85206A,CREAM FELT EASTER EGG BASKET
22945,CHRISTMAS METAL TAGS ASSORTED 
23202,JUMBO BAG VINTAGE LEAF
23351,ROLL WRAP 50'S CHRISTMAS
23439,HAND WARMER RED LOVE HEART
22959,WRAP CHRISTMAS VILLAGE
85199L,LARGE HANGING IVORY & RED WOOD BIRD
20713,JUMBO BAG OWLS
21519,GIN & TONIC DIET GREETING CARD 
21284,RETROSPOT CANDLE  SMALL
21524,DOORMAT SPOTTY HOME SWEET HOME
21865,PINK UNION JACK  PASSPORT COVER 
35648,VINTAGE BEAD PINK PURSE 
22798,ANTIQUE GLASS DRESSING TABLE POT
22037,ROBOT BIRTHDAY CARD
21210,SET OF 72 RETROSPOT PAPER  DOILIES
23209,LUNCH BAG DOILEY PATTERN 
23047,PAPER LANTERN 5 POINT STUDDED STAR
84991,60 TEATIME FAIRY CAKE CASES
21084,SET/6 COLLAGE PAPER CUPS
23247,BISCUIT TIN 50'S CHRISTMAS
21704,BAG 250g SWIRLY MARBLES
22584,PACK OF 6 PANNETONE GIFT BOXES
20829,GLITTER HANGING BUTTERFLY STRING
23252,VINTAGE RED ENAMEL TRIM JUG 
23129,HEART SHAPED HOLLY WREATH
22212,FOUR HOOK  WHITE LOVEBIRDS
21671,RED SPOT CERAMIC DRAWER KNOB
85194L,HANGING SPRING FLOWER EGG LARGE
23346,SPACEBOY BEAKER
17021,NAMASTE SWAGAT INCENSE
23219,LAUREL STAR ANTIQUE SILVER 
21977,PACK OF 60 PINK PAISLEY CAKE CASES
22952,60 CAKE CASES VINTAGE CHRISTMAS
20675,BLUE POLKADOT BOWL
21619,4 VANILLA BOTANICAL CANDLES
22438,BALLOON ART MAKE YOUR OWN FLOWERS
22710,WRAP I LOVE LONDON 
84974,S/2 ZINC HEART DESIGN PLANTERS
23008,DOLLY GIRL BABY GIFT SET
22466,FAIRY TALE COTTAGE NIGHTLIGHT
22953,BIRTHDAY PARTY CORDON BARRIER TAPE
21239,PINK  POLKADOT CUP
21845,DAIRY MAID STRIPE MUG
22585,PACK OF 6 BIRDY GIFT TAGS
22686,FRENCH BLUE METAL DOOR SIGN No
22805,BLUE DRAWER KNOB ACRYLIC EDWARDIAN
21908,CHOCOLATE THIS WAY METAL SIGN
21744,SNOWFLAKE PORTABLE TABLE LIGHT 
84997C,BLUE 3 PIECE POLKADOT CUTLERY SET
85175,CACTI T-LIGHT CANDLES
23256,CHILDRENS CUTLERY SPACEBOY 
23092,LARGE ANTIQUE WHITE PHOTO FRAME
21165,BEWARE OF THE CAT METAL SIGN 
21035,SET/2 RED RETROSPOT TEA TOWELS 
22384,LUNCH BAG PINK POLKADOT
23035,DRAWER KNOB CERAMIC IVORY
21528,DAIRY MAID TRADITIONAL TEAPOT 
23103,JINGLE BELL HEART DECORATION
84978,HANGING HEART JAR T-LIGHT HOLDER
84870C,GREEN GEISHA GIRL 
23227,FILIGREE HEART BUTTERFLY WHITE 
23359,SET OF 12 T-LIGHTS VINTAGE DOILY
22132,RED LOVE HEART SHAPE CUP
22721,SET OF 3 CAKE TINS SKETCHBOOK
22692,DOORMAT WELCOME TO OUR HOME
22560,TRADITIONAL MODELLING CLAY
22442,GROW YOUR OWN FLOWERS SET OF 3
22767,TRIPLE PHOTO FRAME CORNICE 
23254,CHILDRENS CUTLERY DOLLY GIRL 
23168,CLASSIC CAFE SUGAR DISPENSER
22175,PINK OWL SOFT TOY
C2,CARRIAGE
22950,36 DOILIES VINTAGE CHRISTMAS
23208,LUNCH BAG VINTAGE LEAF DESIGN
22966,GINGERBREAD MAN COOKIE CUTTER
22940,FELTCRAFT CHRISTMAS FAIRY
79164,BLACK WINE GLASS
21703,BAG 125g SWIRLY MARBLES
22460,EMBOSSED GLASS TEALIGHT HOLDER
22277,COSMETIC BAG VINTAGE ROSE PAISLEY
22041,"RECORD FRAME 7"" SINGLE SIZE "
37340,MULTICOLOUR SPRING FLOWER MUG
22562,MONSTERS STENCIL CRAFT
85130D,BEADED CRYSTAL HEART PINK LARGE
21429,RED GINGHAM ROSE JEWELLERY BOX
21356,TOAST ITS - FAIRY FLOWER
85030,FRENCH CHATEAU OVAL PLATTER
21878,PACK OF 6 SANDCASTLE FLAGS ASSORTED
22976,CIRCUS PARADE CHILDRENS EGG CUP 
84459B,YELLOW METAL CHICKEN HEART 
22637,PIGGY BANK RETROSPOT 
85036A,GARDENIA 1 WICK MORRIS BOXED CANDLE
21202,DOLLY HONEYCOMB GARLAND
23397,FOOT STOOL HOME SWEET HOME 
22855,FINE WICKER HEART 
22371,AIRLINE BAG VINTAGE TOKYO 78
21891,TRADITIONAL WOODEN SKIPPING ROPE
23562,SET OF 6 RIBBONS PERFECTLY PRETTY  
84380,SET OF 3 BUTTERFLY COOKIE CUTTERS
22029,SPACEBOY BIRTHDAY CARD
85204,HANGING WOOD AND FELT FLOWER
21850,BLUE  DIAMANTE PEN IN GIFT BOX
85202,HANGING WOOD AND FELT HEART
22546,MINI JIGSAW PURDEY
22296,HEART IVORY TRELLIS LARGE
22274,FELTCRAFT DOLL EMILY
20652,BLUE POLKADOT LUGGAGE TAG 
47420,ASSORTED COLOUR SUCTION CUP HOOK
22413,METAL SIGN TAKE IT OR LEAVE IT 
23513,EMBROIDERED RIBBON REEL SUSIE 
22071,SMALL WHITE RETROSPOT MUG IN BOX 
22335,HEART DECORATION PAINTED ZINC 
23293,SET OF 12 FAIRY CAKE BAKING CASES
22421,LIPSTICK PEN FUSCHIA
22731,3D CHRISTMAS STAMPS STICKERS 
48129,DOORMAT TOPIARY
47591D,PINK FAIRY CAKE CHILDRENS APRON
21166,COOK WITH WINE METAL SIGN 
20978,36 PENCILS TUBE SKULLS
22906,12 MESSAGE CARDS WITH ENVELOPES
22616,PACK OF 12 LONDON TISSUES 
21991,BOHEMIAN COLLAGE STATIONERY SET
21209,MULTICOLOUR HONEYCOMB FAN
22152,PLACE SETTING WHITE STAR
48138,DOORMAT UNION FLAG
22227,HANGING HEART MIRROR DECORATION 
21892,TRADITIONAL WOODEN CATCH CUP GAME 
22556,PLASTERS IN TIN CIRCUS PARADE 
22963,JAM JAR WITH GREEN LID
21672,WHITE SPOT RED CERAMIC DRAWER KNOB
22433,WATERING CAN GREEN DINOSAUR
22600,CHRISTMAS RETROSPOT STAR WOOD
23060,HEART BEADED TRELLIS DECORATION
47590A,BLUE HAPPY BIRTHDAY BUNTING
35964,FOLKART CLIP ON STARS
23144,ZINC T-LIGHT HOLDER STARS SMALL
21446,12 RED ROSE PEG PLACE SETTINGS
22775,PURPLE DRAWERKNOB ACRYLIC EDWARDIAN
21063,PARTY INVITES JAZZ HEARTS
72351A,SET/6 TURQUOISE BUTTERFLY T-LIGHTS
22969,HOMEMADE JAM SCENTED CANDLES
21844,RED RETROSPOT MUG
23296,SET OF 6 TEA TIME BAKING CASES
22292,HANGING CHICK  YELLOW DECORATION
22789,T-LIGHT HOLDER SWEETHEART HANGING
22072,RED RETROSPOT TEA CUP AND SAUCER 
23307,SET OF 60 PANTRY DESIGN CAKE CASES 
23167,SMALL CERAMIC TOP STORAGE JAR 
22356,CHARLOTTE BAG PINK POLKADOT
22153,ANGEL DECORATION STARS ON DRESS
23583,LUNCH BAG PAISLEY PARK  
22133,PINK LOVE HEART SHAPE CUP
23300,GARDENERS KNEELING PAD CUP OF TEA 
21718,RED METAL BEACH SPADE 
22753,SMALL YELLOW BABUSHKA NOTEBOOK 
85014A,BLACK/BLUE POLKADOT UMBRELLA
22649,STRAWBERRY FAIRY CAKE TEAPOT
23235,STORAGE TIN VINTAGE LEAF
22430,ENAMEL WATERING CAN CREAM
85232A,SET/3 POLKADOT STACKING TINS
20971,PINK BLUE FELT CRAFT TRINKET BOX
22520,CHILDS GARDEN TROWEL BLUE 
35599B,BLACK CHRISTMAS TREE 120CM
22485,SET OF 2 WOODEN MARKET CRATES
23231,WRAP  VINTAGE DOILY 
37446,MINI CAKE STAND WITH HANGING CAKES
23051,RECYCLED ACAPULCO MAT BLUE
22315,200 RED + WHITE BENDY STRAWS
84673B,BLUE FLY SWAT
23432,PRETTY HANGING QUILTED HEARTS
20998,ROSE DU SUD OVEN GLOVE
37447,CERAMIC CAKE DESIGN SPOTTED PLATE
22428,ENAMEL FIRE BUCKET CREAM
22113,GREY HEART HOT WATER BOTTLE
22424,ENAMEL BREAD BIN CREAM
22734,SET OF 6 RIBBONS VINTAGE CHRISTMAS
22099,CARAVAN SQUARE TISSUE BOX
22097,SWALLOW SQUARE TISSUE BOX
79051A,SMOKEY GREY COLOUR GLASS
21158,MOODY GIRL DOOR HANGER 
23176,ABC TREASURE BOOK BOX 
22935,BAKING MOULD ROSE MILK CHOCOLATE
22927,GREEN GIANT GARDEN THERMOMETER
22302,COFFEE MUG PEARS  DESIGN
21809,CHRISTMAS HANGING TREE WITH BELL
23366,SET 12 COLOURING PENCILS DOILY
23325,RUSTIC STRAWBERRY JAM POT SMALL
22090,PAPER BUNTING RETROSPOT
22385,JUMBO BAG SPACEBOY DESIGN
22085,PAPER CHAIN KIT SKULLS 
90010E,AMBER GLASS/SILVER BRACELET
21216,"SET 3 RETROSPOT TEA,COFFEE,SUGAR"
23184,BULL DOG BOTTLE OPENER
23316,RED REFECTORY CLOCK 
21534,DAIRY MAID LARGE MILK JUG
85125,SMALL ROUND CUT GLASS CANDLESTICK
22617,BAKING SET SPACEBOY DESIGN
23175,REGENCY MILK JUG PINK 
22956,36 FOIL HEART CAKE CASES
22972,CHILDREN'S SPACEBOY MUG
84947,ANTIQUE SILVER TEA GLASS ENGRAVED
22766,PHOTO FRAME CORNICE
22508,DOORSTOP RETROSPOT HEART
22680,FRENCH BLUE METAL DOOR SIGN 5
23173,REGENCY TEAPOT ROSES 
22158,3 HEARTS HANGING DECORATION RUSTIC
23525,WALL ART BUFFALO BILL 
21787,RAIN PONCHO RETROSPOT
23123,COCKTAIL SWORDS 50 PIECES
23681,LUNCH BAG RED VINTAGE DOILY
72818,CHRISTMAS DECOUPAGE CANDLE
23158,SET OF 5 LUCKY CAT MAGNETS 
23109,PACK OF SIX LED TEA LIGHTS
22633,HAND WARMER UNION JACK
37449,CERAMIC CAKE STAND + HANGING CAKES
23405,HOME SWEET HOME 2 DRAWER CABINET
20961,STRAWBERRY BATH SPONGE 
23010,CIRCUS PARADE BABY GIFT SET
22904,CALENDAR PAPER CUT DESIGN
22382,LUNCH BAG SPACEBOY DESIGN 
22544,MINI JIGSAW SPACEBOY
21122,SET/10 PINK POLKADOT PARTY CANDLES
85094,CANDY SPOT EGG WARMER RABBIT
23452,HEART MINI PORTRAIT FRAME
22668,PINK BABY BUNTING
21948,SET OF 6 CAKE CHOPSTICKS
22986,GINGHAM ROSE WRAP
23201,JUMBO BAG ALPHABET
22098,BOUDOIR SQUARE TISSUE BOX
21068,VINTAGE BILLBOARD LOVE/HATE MUG
22501,PICNIC BASKET WICKER LARGE
22377,BOTTLE BAG RETROSPOT 
47504H,ENGLISH ROSE SPIRIT LEVEL 
22994,TRAVEL CARD WALLET RETROSPOT
40005B,BLUE ORGANDY ROUND LAMPSHADE W BEA
22059,CERAMIC STRAWBERRY DESIGN MUG
48184,DOORMAT ENGLISH ROSE 
48194,DOORMAT HEARTS
23177,TREASURE ISLAND BOOK BOX
22941,CHRISTMAS LIGHTS 10 REINDEER
16048,TEATIME ROUND PENCIL SHARPENER 
22867,HAND WARMER BIRD DESIGN
84789,ENCHANTED BIRD PLANT CAGE
22451,SILK PURSE BABUSHKA RED
72232,FENG SHUI PILLAR CANDLE
47422,ASSORTED MONKEY SUCTION CUP HOOK
21498,RED RETROSPOT WRAP 
22763,KEY CABINET MA CAMPAGNE
22493,PAINT YOUR OWN CANVAS SET
23198,PANTRY MAGNETIC  SHOPPING LIST
22804,CANDLEHOLDER PINK HANGING HEART
84970L,SINGLE HEART ZINC T-LIGHT HOLDER
22320,BIRDS MOBILE VINTAGE DESIGN
22573,STAR WOODEN CHRISTMAS DECORATION
22398,MAGNETS PACK OF 4 SWALLOWS
22030,SWALLOWS GREETING CARD
21770,OPEN CLOSED METAL SIGN
20756,GREEN FERN POCKET BOOK
23367,SET 12 COLOUR PENCILS SPACEBOY 
22693,GROW A FLYTRAP OR SUNFLOWER IN TIN
22751,FELTCRAFT PRINCESS OLIVIA DOLL
84520B,PACK 20 ENGLISH ROSE PAPER NAPKINS
23171,REGENCY TEA PLATE GREEN 
23210,WHITE ROCKING HORSE HAND PAINTED
22939,ADULT APRON APPLE DELIGHT
85036C,ROSE 1 WICK MORRIS BOXED CANDLE
23358,HOT STUFF HOT WATER BOTTLE
20676,RED RETROSPOT BOWL
72586,SET OF 6 HALLOWEEN GHOST T-LIGHTS
21657,MILK BOTTLE WITH GLASS STOPPER 
22965,3 TRADITIONAl BISCUIT CUTTERS  SET
21094,SET/6 RED SPOTTY PAPER PLATES
23365,SET 12 COLOUR PENCILS LOVE LONDON
22248,DECORATION  PINK CHICK MAGIC GARDEN
22925,BLUE GIANT GARDEN THERMOMETER
21563,RED HEART SHAPE LOVE BUCKET 
22898,CHILDRENS APRON APPLES DESIGN
21466,RED FLOWER CROCHET FOOD COVER
22271,FELTCRAFT DOLL ROSIE
23462,ROCOCO WALL MIRROR WHITE
23311,VINTAGE CHRISTMAS STOCKING 
17136A,BLUE STONES ON WIRE FOR CANDLE
22554,PLASTERS IN TIN WOODLAND ANIMALS
37489D,PINK/GREEN FLOWER DESIGN BIG MUG
22174,PHOTO CUBE
35971,ROSE FOLKART HEART DECORATIONS
20654,FIRST CLASS LUGGAGE TAG 
85230F,JASMINE VOTIVE CANDLE
22365,DOORMAT RESPECTABLE HOUSE
23284,DOORMAT KEEP CALM AND COME IN
20618,QUEEN OF THE SKIES PASSPORT COVER 
23131,MISTLETOE HEART WREATH CREAM
22329,ROUND CONTAINER SET OF 5 RETROSPOT
22930,BAKING MOULD HEART MILK CHOCOLATE
22549,PICTURE DOMINOES
21576,LETS GO SHOPPING COTTON TOTE BAG
22591,CARDHOLDER GINGHAM CHRISTMAS TREE
15056BL,EDWARDIAN PARASOL BLACK
21754,HOME BUILDING BLOCK WORD
22908,PACK OF 20 NAPKINS RED APPLES
23393,HOME SWEET HOME CUSHION COVER 
22730,ALARM CLOCK BAKELIKE IVORY
23348,CHILDRENS TOY COOKING UTENSIL SET
22797,CHEST OF DRAWERS GINGHAM HEART 
85188A,GREEN METAL SWINGING BUNNY
23399,HOME SWEET HOME HANGING HEART
22957,SET 3 PAPER VINTAGE CHICK PAPER EGG
22189,CREAM HEART CARD HOLDER
47566B,TEA TIME PARTY BUNTING
22869,NUMBER TILE COTTAGE GARDEN 1
21530,DAIRY MAID TOASTRACK
22962,JAM JAR WITH PINK LID
23495,SET OF 3 PANTRY WOODEN SPOONS
22530,MAGIC DRAWING SLATE DOLLY GIRL 
22907,PACK OF 20 NAPKINS PANTRY DESIGN
23482,PEARLISED IVORY HEART LARGE 
22513,DOORSTOP FOOTBALL DESIGN
22244,3 HOOK HANGER MAGIC GARDEN
85025C,PINK HEART SHAPE PHOTO FRAME
21060,PARTY INVITES BALLOON GIRL
21287,SCENTED VELVET LOUNGE CANDLE 
22644,CERAMIC CHERRY CAKE MONEY BANK
22067,CHOC TRUFFLE GOLD TRINKET POT 
23347,I LOVE LONDON BEAKER
37342,POLKADOT COFFEE CUP & SAUCER PINK
22431,WATERING CAN BLUE ELEPHANT
79066K,RETRO MOD TRAY
84997B,CHILDRENS CUTLERY RETROSPOT RED 
21306,SET/4 DAISY MIRROR MAGNETS
22821,GIFT BAG PSYCHEDELIC APPLES
16225,RATTLE SNAKE EGGS
22354,RETROSPOT PADDED SEAT CUSHION
23371,SET 36 COLOUR PENCILS SPACEBOY 
22595,GINGHAM HEART DECORATION
22285,HANGING HEN ON NEST DECORATION
23114,VINTAGE LEAF CHOPPING BOARD  
22577,WOODEN HEART CHRISTMAS SCANDINAVIAN
17084A,TRANQUILITY MASALA INCENSE
85230B,CINNAMON SCENTED VOTIVE CANDLE
35953,FOLKART STAR CHRISTMAS DECORATIONS
22179,SET 10 LIGHTS NIGHT OWL
22336,DOVE DECORATION PAINTED ZINC 
23331,DECORATIVE WICKER HEART SMALL
22725,ALARM CLOCK BAKELIKE CHOCOLATE
23289,DOLLY GIRL CHILDRENS BOWL
22665,RECIPE BOX BLUE SKETCHBOOK DESIGN
84836,ZINC METAL HEART DECORATION
22926,IVORY GIANT GARDEN THERMOMETER
23534,WALL ART STOP FOR TEA 
22984,CARD GINGHAM ROSE 
22379,RECYCLING BAG RETROSPOT 
22032,BOTANICAL LILY GREETING CARD
22955,36 FOIL STAR CAKE CASES 
85183A,CHARLIE & LOLA WASTEPAPER BIN BLUE
23342,MINT DINER WALL CLOCK
22892,SET OF SALT AND PEPPER TOADSTOOLS
23407,SET OF 2 TRAYS HOME SWEET HOME
22141,CHRISTMAS CRAFT TREE TOP ANGEL
23412,HEART MIRROR ANTIQUE WHITE
23566,EGG CUP MILKMAID HEIDI
70007,HI TEC ALPINE HAND WARMER
22909,SET OF 20 VINTAGE CHRISTMAS NAPKINS
84527,FLAMES SUNGLASSES PINK LENSES
20718,RED RETROSPOT SHOPPER BAG
22735,RIBBON REEL SOCKS AND MITTENS
21383,PACK OF 12 STICKY BUNNIES
22740,POLKADOT PEN
20751,FUNKY WASHING UP GLOVES ASSORTED
22598,CHRISTMAS MUSICAL ZINC TREE
84997A,CHILDRENS CUTLERY POLKADOT GREEN 
21673,WHITE SPOT BLUE CERAMIC DRAWER KNOB
21314,SMALL GLASS HEART TRINKET POT
37482P,CUBIC MUG PINK POLKADOT
22625,RED KITCHEN SCALES
22840,ROUND CAKE TIN VINTAGE RED
23083,SET 6 PAPER TABLE LANTERN STARS 
23390,DOLLY GIRL MINI BACKPACK
84050,PINK HEART SHAPE EGG FRYING PAN
21986,PACK OF 12 PINK POLKADOT TISSUES
22851,SET 20 NAPKINS FAIRY CAKES DESIGN 
22745,POPPY'S PLAYHOUSE BEDROOM 
23550,WRAP ALPHABET POSTER  
22741,FUNKY DIVA PEN
21313,GLASS HEART T-LIGHT HOLDER 
22720,SET OF 3 CAKE TINS PANTRY DESIGN 
22635,CHILDS BREAKFAST SET DOLLY GIRL 
22608,PENS ASSORTED FUNKY JEWELED 
22796,PHOTO FRAME 3 CLASSIC HANGING
85099F,JUMBO BAG STRAWBERRY
22437,SET OF 9 BLACK SKULL BALLOONS
21181,PLEASE ONE PERSON METAL SIGN
22173,METAL 4 HOOK HANGER FRENCH CHATEAU
20775,DAISY NOTEBOOK 
16156S,WRAP PINK FAIRY CAKES 
23517,EMBROIDERED RIBBON REEL REBECCA 
22364,GLASS JAR DIGESTIVE BISCUITS
22718,CARD CAT AND TREE 
22497,SET OF 2 TINS VINTAGE BATHROOM 
23551,PACK OF 12 PAISLEY PARK TISSUES 
22621,TRADITIONAL KNITTING NANCY
22443,GROW YOUR OWN HERBS SET OF 3
23162,REGENCY TEA STRAINER
47599A,PINK PARTY BAGS
23154,SET OF 4 JAM JAR MAGNETS
21172,PARTY METAL SIGN 
21495,SKULLS AND CROSSBONES WRAP
23076,ICE CREAM SUNDAE LIP GLOSS
22457,NATURAL SLATE HEART CHALKBOARD 
84674,FLYING PIG WATERING CAN
84849A,HELLO SAILOR BLUE SOAP HOLDER
84970S,HANGING HEART ZINC T-LIGHT HOLDER
21188,3D HEARTS  HONEYCOMB PAPER GARLAND
84660B,BLACK STITCHED WALL CLOCK
21819,GLITTER CHRISTMAS STAR 
23490,T-LIGHT HOLDER HANGING LOVE BIRD
23047,PAPER LANTERN 5 POINT SEQUIN STAR
22696,WICKER WREATH LARGE
22500,SET OF 2 TINS JARDIN DE PROVENCE
21395,BLUE POLKADOT BEAKER 
23243,SET OF TEA COFFEE SUGAR TINS PANTRY
23191,BUNDLE OF 3 RETRO NOTE BOOKS
20979,36 PENCILS TUBE RED RETROSPOT
23234,BISCUIT TIN VINTAGE CHRISTMAS
16011,ANIMAL STICKERS
22435,SET OF 9 HEART SHAPED BALLOONS
21034,REX CASH+CARRY JUMBO SHOPPER
84077,WORLD WAR 2 GLIDERS ASSTD DESIGNS
22386,JUMBO BAG PINK POLKADOT
21470,FLOWER VINE RAFFIA FOOD COVER
23543,WALL ART KEEP CALM 
23534,STOP FOR TEA WALL ART
20749,ASSORTED COLOUR MINI CASES
22219,LOVEBIRD HANGING DECORATION WHITE 
21115,ROSE CARAVAN DOORSTOP
23295,SET OF 12 MINI LOAF BAKING CASES
22607,WOODEN ROUNDERS GARDEN SET 
21905,MORE BUTTER METAL SIGN 
22284,HEN HOUSE DECORATION
22517,CHILDS GARDEN RAKE PINK
85186C,BUNNY EGG GARLAND
71459,HANGING JAM JAR T-LIGHT HOLDERS
22120,WELCOME  WOODEN BLOCK LETTERS
23163,REGENCY SUGAR TONGS
22933,BAKING MOULD EASTER EGG MILK CHOC
21398,RED POLKADOT COFFEE  MUG
22383,LUNCH BAG SUKI  DESIGN 
82486,3 DRAWER ANTIQUE WHITE WOOD CABINET
22215,CAKE STAND WHITE TWO TIER LACE
22047,EMPIRE GIFT WRAP
23354,6 GIFT TAGS 50'S CHRISTMAS 
84924A,WAKE UP COCKEREL CALENDAR SIGN 
23136,IVORY WIRE SWEETHEART LETTER TRAY
84949,SILVER HANGING T-LIGHT HOLDER
23329,DECORATIVE WICKER HEART LARGE
21564,PINK  HEART SHAPE LOVE BUCKET 
22716,CARD CIRCUS PARADE
22325,MOBILE VINTAGE HEARTS 
85231B,CINAMMON SET OF 9 T-LIGHTS
23388,WOODLAND MINI BACKPACK
22089,PAPER BUNTING VINTAGE PAISLEY
23309,SET OF 60 I LOVE LONDON CAKE CASES 
85062,PEARL CRYSTAL PUMPKIN T-LIGHT HLDR
22477,WATERING CAN GARDEN MARKER
22327,ROUND SNACK BOXES SET OF 4 SKULLS
85014B,RED RETROSPOT UMBRELLA
21071,VINTAGE BILLBOARD DRINK ME MUG
47503A,ASS FLORAL PRINT MULTI SCREWDRIVER
22070,SMALL RED RETROSPOT MUG IN BOX 
21868,POTTING SHED TEA MUG
23515,EMBROIDERED RIBBON REEL DAISY 
23229,VINTAGE DONKEY TAIL GAME 
20762,GREEN FERN SKETCHBOOK 
23185,FRENCH STYLE STORAGE JAR JAM
22842,BISCUIT TIN VINTAGE RED
22531,MAGIC DRAWING SLATE CIRCUS PARADE  
22418,10 COLOUR SPACEBOY PEN
21494,ROTATING LEAVES T-LIGHT HOLDER
22109,FULL ENGLISH BREAKFAST PLATE
85049C,ROMANTIC PINKS RIBBONS 
21328,BALLOONS  WRITING SET 
84596F,SMALL MARSHMALLOWS PINK BOWL
20769,DAISY JOURNAL 
22196,SMALL HEART MEASURING SPOONS
22094,RED RETROSPOT TISSUE BOX
21090,SET/6 COLLAGE PAPER PLATES
23380,PACK OF 12 VINTAGE DOILY TISSUES
21641,ASSORTED TUTTI FRUTTI KEYRING BALL
22156,HEART DECORATION WITH PEARLS 
22142,CHRISTMAS CRAFT WHITE FAIRY 
22761,CHEST 7 DRAWER MA CAMPAGNE
21375,LARGE CAMPHOR WOOD FIELD MUSHROOM 
21500,PINK POLKADOT WRAP 
22750,FELTCRAFT PRINCESS LOLA DOLL
48173C,DOORMAT BLACK FLOCK 
23401,RUSTIC MIRROR WITH LACE HEART
22755,SMALL PURPLE BABUSHKA NOTEBOOK 
22076,6 RIBBONS EMPIRE  
22910,PAPER CHAIN KIT VINTAGE CHRISTMAS
35817P,"ACRYLIC JEWEL SNOWFLAKE,PINK"
47481,50CM METAL STRING WITH  7 CLIPS
82582,AREA PATROLLED METAL SIGN
23299,FOOD COVER WITH BEADS SET 2 
21363,HOME SMALL WOOD LETTERS
22964,3 PIECE SPACEBOY COOKIE CUTTER SET
21928,JUMBO BAG SCANDINAVIAN BLUE PAISLEY
21918,SET 12 KIDS COLOUR  CHALK STICKS
22155,STAR DECORATION RUSTIC
47585A,PINK FAIRY CAKE CUSHION COVER
85178,VICTORIAN SEWING KIT
21056,DOCTOR'S BAG SOFT TOY
21880,RED RETROSPOT TAPE
21448,12 DAISY PEGS IN WOOD BOX
20974,12 PENCILS SMALL TUBE SKULL
23088,ZINC HEART FLOWER T-LIGHT HOLDER
21497,FANCY FONTS BIRTHDAY WRAP
21320,GLASS CHALICE GREEN  LARGE 
23108,SET OF 10 LED DOLLY LIGHTS
23480,MINI LIGHTS WOODLAND MUSHROOMS
22983,CARD BILLBOARD FONT
22673,FRENCH GARDEN SIGN BLUE METAL
23291,DOLLY GIRL CHILDRENS CUP
35471D,SET OF 3 BIRD LIGHT PINK FEATHER 
23042,PAPER LANTERN 7 POINT SNOW STAR
48185,DOORMAT FAIRY CAKE
22961,JAM MAKING SET PRINTED
21794,CLASSIC FRENCH STYLE BASKET NATURAL
22321,BIRD DECORATION RED RETROSPOT
23085,ANTIQUE SILVER BAUBLE LAMP  
22943,CHRISTMAS LIGHTS 10 VINTAGE BAUBLES
21264,WHITE GOOSE FEATHER TREE 60CM 
22781,GUMBALL MAGAZINE RACK
22096,PINK PAISLEY SQUARE TISSUE BOX 
21811,HANGING HEART WITH BELL
21485,RETROSPOT HEART HOT WATER BOTTLE
22087,PAPER BUNTING WHITE LACE
84987,SET OF 36 TEATIME PAPER DOILIES
10002,INFLATABLE POLITICAL GLOBE 
22427,ENAMEL FLOWER JUG CREAM
22714,CARD BIRTHDAY COWBOY
22970,LONDON BUS COFFEE MUG
15044C,PURPLE PAPER PARASOL
22722,SET OF 6 SPICE TINS PANTRY DESIGN
21561,DINOSAUR LUNCH BOX WITH CUTLERY
21259,VICTORIAN SEWING BOX SMALL 
21558,SKULL LUNCH BOX WITH CUTLERY 
84596G,SMALL CHOCOLATES PINK BOWL
84818,DANISH ROSE PHOTO FRAME
22613,PACK OF 20 SPACEBOY NAPKINS
22399,MAGNETS PACK OF 4 CHILDHOOD MEMORY
82613D,METAL SIGN CUPCAKE SINGLE HOOK
22080,RIBBON REEL POLKADOTS 
22066,LOVE HEART TRINKET POT
22353,LUNCH BOX WITH CUTLERY FAIRY CAKES 
22301,COFFEE MUG CAT + BIRD DESIGN
22811,SET OF 6 T-LIGHTS CACTI 
23290,SPACEBOY CHILDRENS BOWL
22521,CHILDS GARDEN TROWEL PINK
85049A,TRADITIONAL CHRISTMAS RIBBONS
23506,MINI PLAYING CARDS SPACEBOY 
22154,ANGEL DECORATION 3 BUTTONS 
22672,FRENCH BATHROOM SIGN BLUE METAL
21898,POTTING SHED ROSE CANDLE
21912,VINTAGE SNAKES & LADDERS
22194,BLACK DINER WALL CLOCK
90175A,WHITE GLASS CHUNKY CHARM BRACELET
15039,SANDALWOOD FAN
85049F,BABY BOOM RIBBONS 
84508B,STRIPES DESIGN TEDDY
21326,AGED GLASS SILVER T-LIGHT HOLDER
23238,SET OF 4 KNICK KNACK TINS LONDON 
20754,RETROSPOT RED WASHING UP GLOVES
22144,CHRISTMAS CRAFT LITTLE FRIENDS
21829,DINOSAUR KEYRINGS ASSORTED
23267,SET OF 4 SANTA PLACE SETTINGS
22417,PACK OF 60 SPACEBOY CAKE CASES
20977,36 PENCILS TUBE WOODLAND
22489,PACK OF 12 TRADITIONAL CRAYONS
84251G,"GREETING CARD, OVERCROWDED POOL."
22996,TRAVEL CARD WALLET VINTAGE TICKET
22505,MEMO BOARD COTTAGE DESIGN
22743,MAKE YOUR OWN FLOWERPOWER CARD KIT
21397,BLUE POLKADOT EGG CUP 
22319,HAIRCLIPS FORTIES FABRIC ASSORTED
84509B,SET OF 4 FAIRY CAKE PLACEMATS
23200,JUMBO BAG PEARS
22149,FELTCRAFT 6 FLOWER FRIENDS
22557,PLASTERS IN TIN VINTAGE PAISLEY 
82578,KITCHEN METAL SIGN
22208,WOOD STAMP SET THANK YOU
22863,SOAP DISH BROCANTE
23497,CLASSIC CHROME BICYCLE BELL 
84997C,CHILDRENS CUTLERY POLKADOT BLUE
21058,PARTY INVITES WOODLAND
84946,ANTIQUE SILVER TEA GLASS ETCHED
23511,EMBROIDERED RIBBON REEL EMILY 
23339,EGG FRYING PAN BLUE 
23341,PINK DINER WALL CLOCK
21867,PINK UNION JACK  LUGGAGE TAG
23376,PACK OF 12 VINTAGE CHRISTMAS TISSUE
22272,FELTCRAFT DOLL MARIA
16015,MEDIUM CHINESE STYLE SCISSOR
22780,LIGHT GARLAND BUTTERFILES PINK
79191B,RETRO PLASTIC POLKA TRAY
21947,SET OF 6 HEART CHOPSTICKS
22293,HANGING CHICK GREEN DECORATION
23529,WALL ART DOLLY GIRL 
21211,SET OF 72 SKULL PAPER  DOILIES
85173,SET/6 FROG PRINCE T-LIGHT CANDLES
23161,REGENCY CAKE FORK
22746,POPPY'S PLAYHOUSE LIVINGROOM 
22273,FELTCRAFT DOLL MOLLY
22075,6 RIBBONS ELEGANT CHRISTMAS 
15030,FAN BLACK FRAME 
22124,SET OF 2 TEA TOWELS PING MICROWAVE
20992,JAZZ HEARTS PURSE NOTEBOOK
21258,VICTORIAN SEWING BOX LARGE
23056,FLOWERS CHANDELIER T-LIGHT HOLDER
22747,POPPY'S PLAYHOUSE BATHROOM
23313,VINTAGE CHRISTMAS BUNTING
21944,KITTENS DESIGN FLANNEL
90180B,PURPLE AMETHYST NECKLACE W TASSEL
21535,RED RETROSPOT SMALL MILK JUG
17038,PORCELAIN BUDAH INCENSE HOLDER
22221,CAKE STAND LOVEBIRD 2 TIER PINK
85177,BASKET OF FLOWERS SEWING KIT
84828,JUNGLE POPSICLES ICE LOLLY MOULDS
22587,FELTCRAFT HAIRBAND RED AND BLUE
23080,RED METAL BOX TOP SECRET
20840,FRENCH FLORAL CUSHION COVER 
85132A,CHARLIE + LOLA BISCUITS TINS
21617,4 LILY  BOTANICAL DINNER CANDLES
23180,MUM'S KITCHEN CLOCK
23032,DRAWER KNOB CRACKLE GLAZE IVORY
21992,VINTAGE PAISLEY STATIONERY SET
22736,RIBBON REEL MAKING SNOWMEN 
22084,PAPER CHAIN KIT EMPIRE
84378,SET OF 3 HEART COOKIE CUTTERS
21340,CLASSIC METAL BIRDCAGE PLANT HOLDER
22052,VINTAGE CARAVAN GIFT WRAP
21791,VINTAGE HEADS AND TAILS CARD GAME 
20686,DOLLY MIXTURE CHILDREN'S UMBRELLA
22690,DOORMAT HOME SWEET HOME BLUE 
23402,HOME SWEET HOME 3 PEG HANGER 
23048,SET OF 10 LANTERNS FAIRY LIGHT STAR
23395,BELLE JARDINIERE CUSHION COVER
23157,SET OF 6 NATIVITY MAGNETS 
22602,RETROSPOT WOODEN HEART DECORATION
23240,SET OF 4 KNICK KNACK TINS DOILY 
21828,EIGHT PIECE SNAKE  SET
22605,WOODEN CROQUET GARDEN SET
22845,VINTAGE CREAM CAT FOOD CONTAINER
47567B,TEA TIME KITCHEN APRON
22758,LARGE PURPLE BABUSHKA NOTEBOOK  
21872,GLAMOROUS  MUG
22859,EASTER TIN BUNNY BOUQUET
16161U,WRAP SUKI AND FRIENDS
21932,SCANDINAVIAN PAISLEY PICNIC BAG
22027,TEA PARTY BIRTHDAY CARD
20856,DENIM PATCH PURSE PINK BUTTERFLY
23431,NATURAL HANGING QUILTED HEARTS 
35922,EASTER BUNNY WREATH
84596B,SMALL DOLLY MIX DESIGN ORANGE BOWL
22632,HAND WARMER RED RETROSPOT
23294,SET OF 6 SNACK LOAF BAKING CASES
22548,HEADS AND TAILS SPORTING FUN
21171,BATHROOM METAL SIGN 
85053,FRENCH ENAMEL CANDLEHOLDER
21915,RED  HARMONICA IN BOX 
23322,LARGE WHITE HEART OF WICKER
85132B,CHARLIE AND LOLA TABLE TINS
22776,SWEETHEART CAKESTAND 3 TIER
23303,SET 4 PICNIC CUTLERY FONDANT
85054,FRENCH ENAMEL POT W LID
22078,RIBBON REEL LACE DESIGN 
16052,TEATIME PUSH DOWN RUBBER
23188,VINTAGE  2 METRE FOLDING RULER
16008,SMALL FOLDING SCISSOR(POINTED EDGE)
15056P,EDWARDIAN PARASOL PINK
85199S,SMALL HANGING IVORY/RED WOOD BIRD
22134,MINI LADLE LOVE HEART RED 
21906,PHARMACIE FIRST AID TIN
23239,SET OF 4 KNICK KNACK TINS POPPIES
22441,GROW YOUR OWN BASIL IN ENAMEL MUG
23053,RECYCLED ACAPULCO MAT PINK
22615,PACK OF 12 CIRCUS PARADE TISSUES 
85093,CANDY SPOT EGG WARMER HARE
22931,BAKING MOULD HEART WHITE CHOCOLATE
22440,BALLOON WATER BOMB PACK OF 35
47310M,"SMALL POP BOX,FUNKY MONKEY"
82011C,BATHROOM SCALES FOOTPRINTS IN SAND
23483,HANGING  BUTTERFLY T-LIGHT HOLDER
23213,STAR WREATH DECORATION WITH BELL
48187,DOORMAT NEW ENGLAND
20982,12 PENCILS TALL TUBE SKULLS
22326,ROUND SNACK BOXES SET OF4 WOODLAND 
21967,PACK OF 12 SKULL TISSUES
23691,WRAP KEEP CALM BIRTHDAY
21683,MEDIUM MEDINA STAMPED METAL BOWL 
21937,STRAWBERRY   PICNIC BAG
21484,CHICK GREY HOT WATER BOTTLE
22980,PANTRY SCRUBBING BRUSH
21981,PACK OF 12 WOODLAND TISSUES 
20801,LARGE PINK GLASS SUNDAE DISH
23032,DOORKNOB CRACKED GLAZE IVORY
21876,POTTERING MUG
23528,WALL ART SPACEBOY
23579,SNACK TRAY I LOVE LONDON
23132,SMALL IVORY HEART WALL ORGANISER
22563,HAPPY STENCIL CRAFT
23413,DECORATIVE VINTAGE COFFEE  BOX
22860,EASTER TIN CHICKS PINK DAISY
22545,MINI JIGSAW BUNNIES
10080,GROOVY CACTUS INFLATABLE
23571,TRADITIONAL NAUGHTS & CROSSES
21224,SET/4 SKULL BADGES
22534,MAGIC DRAWING SLATE SPACEBOY 
23094,LE GRAND TRAY CHIC SET
22776,SWEETHEART 3 TIER CAKE STAND 
23075,PARLOUR CERAMIC WALL HOOK
22487,WHITE WOOD GARDEN PLANT LADDER
20966,SANDWICH BATH SPONGE
22540,MINI JIGSAW CIRCUS PARADE 
23499,SET 12 VINTAGE DOILY CHALK 
22303,COFFEE MUG APPLES DESIGN
23012,GLASS APOTHECARY BOTTLE PERFUME
23352,ROLL WRAP 50'S RED CHRISTMAS 
48188,DOORMAT WELCOME PUPPIES
20727,LUNCH BAG  BLACK SKULL.
85048,15CM CHRISTMAS GLASS BALL 20 LIGHTS
84926E,FLOWERS TILE COASTER
21114,LAVENDER SCENTED FABRIC HEART
84247N,PACK/12 BLUE FOLKART CARDS
85049G,CHOCOLATE BOX RIBBONS 
37501,TEA TIME TEA SET IN GIFT BOX
85032B,BLOSSOM IMAGES GIFT WRAP SET
22121,NOEL WOODEN BLOCK LETTERS 
22754,SMALL RED BABUSHKA NOTEBOOK 
23230,WRAP ALPHABET DESIGN
21381,MINI WOODEN HAPPY BIRTHDAY GARLAND
22973,CHILDREN'S CIRCUS PARADE MUG
21935,SUKI  SHOULDER BAG
23082,SET 6 PAPER TABLE LANTERN HEARTS 
22814,CARD PARTY GAMES 
21875,KINGS CHOICE MUG
21067,VINTAGE RED TEATIME MUG
15044D,RED PAPER PARASOL
21231,SWEETHEART CERAMIC TRINKET BOX
84821,DANISH ROSE DELUXE COASTER
20831,GOLD PHOTO FRAME
21562,HAWAIIAN GRASS SKIRT 
16216,LETTER SHAPE PENCIL SHARPENER
22400,MAGNETS PACK OF 4 HOME SWEET HOME
22183,CAKE STAND VICTORIAN FILIGREE MED
22389,PAPERWEIGHT SAVE THE PLANET
23203,JUMBO BAG DOILEY PATTERNS
23090,VINTAGE GLASS T-LIGHT HOLDER
22593,CHRISTMAS GINGHAM STAR
22268,DECORATION SITTING BUNNY
72351B,SET/6 PINK  BUTTERFLY T-LIGHTS
21654,RIDGED GLASS FINGER BOWL
23170,REGENCY TEA PLATE ROSES 
23409,PHOTO FRAME LINEN AND LACE LARGE
21457,2 PICTURE BOOK EGGS EASTER DUCKS
22582,PACK OF 6 SWEETIE GIFT BOXES
84817,DANISH ROSE DECORATIVE PLATE
23582,VINTAGE DOILY JUMBO BAG RED 
21896,POTTING SHED TWINE
21355,TOAST ITS - I LOVE YOU 
22774,RED DRAWER KNOB ACRYLIC EDWARDIAN
23205,CHARLOTTE BAG ALPHABET  DESIGN
20677,PINK POLKADOT BOWL
22309,TEA COSY RED  STRIPE
22376,AIRLINE BAG VINTAGE JET SET WHITE
90205A,LARGE MINT DIAMANTE HAIRSLIDE
22992,REVOLVER WOODEN RULER 
21175,GIN AND TONIC DIET METAL SIGN
22420,LIPSTICK PEN BABY PINK
21467,CHERRY CROCHET FOOD COVER
84459A,PINK METAL CHICKEN HEART 
22551,PLASTERS IN TIN SPACEBOY
21249,WOODLAND  HEIGHT CHART STICKERS 
23310,BUBBLEGUM RING ASSORTED
21162,TOXIC AREA  DOOR HANGER 
23500,KEY RING BASEBALL BOOT ASSORTED 
22723,SET OF 6 HERB TINS SKETCHBOOK
23334,IVORY WICKER HEART SMALL
20973,12 PENCIL SMALL TUBE WOODLAND
22268,EASTER DECORATION SITTING BUNNY
20717,STRAWBERRY SHOPPER BAG
23264,SET OF 3 WOODEN SLEIGH DECORATIONS
22795,SWEETHEART RECIPE BOOK STAND
21042,RED RETROSPOT APRON 
21367,MIRRORED WALL ART GENTS
23050,RECYCLED ACAPULCO MAT GREEN
23275,SET OF 3 HANGING OWLS OLLIE BEAK
84519B,CARROT CHARLIE+LOLA COASTER SET
82567,"AIRLINE LOUNGE,METAL SIGN"
22711,WRAP CIRCUS PARADE
22628,PICNIC BOXES SET OF 3 RETROSPOT 
23535,WALL ART BICYCLE SAFETY
22708,WRAP DOLLY GIRL
23068,ALUMINIUM STAMPED HEART
22663,JUMBO BAG DOLLY GIRL DESIGN
23134,LARGE ZINC HEART WALL ORGANISER
85159B,"WHITE TEA,COFFEE,SUGAR JARS"
23332,IVORY WICKER HEART LARGE
22378,WALL TIDY RETROSPOT 
22974,CHILDRENS DOLLY GIRL MUG
22638,SET OF 4 NAPKIN CHARMS CROWNS 
85172,HYACINTH BULB T-LIGHT CANDLES
22456,NATURAL SLATE CHALKBOARD LARGE 
21198,WHITE HEART CONFETTI IN TUBE
22623,BOX OF VINTAGE JIGSAW BLOCKS 
84912B,GREEN ROSE WASHBAG
23014,GLASS APOTHECARY BOTTLE ELIXIR
22661,CHARLOTTE BAG DOLLY GIRL DESIGN
22920,HERB MARKER BASIL
22679,FRENCH BLUE METAL DOOR SIGN 4
85131A,BEADED PEARL HEART WHITE ON STICK
40016,CHINESE DRAGON PAPER LANTERNS
22150,3 STRIPEY MICE FELTCRAFT
21504,SKULLS GREETING CARD
21621,VINTAGE UNION JACK BUNTING
22188,BLACK HEART CARD HOLDER
23557,LANDMARK FRAME BAKER STREET 
23110,PARISIENNE KEY CABINET 
22752,SET 7 BABUSHKA NESTING BOXES
46000R,POLYESTER FILLER PAD 45x30cm
21167,WHITE SAGE INCENSE
22276,WASH BAG VINTAGE ROSE PAISLEY
22254,FELT TOADSTOOL LARGE
90160A,PURPLE BOUDICCA LARGE BRACELET
21620,SET OF 4 ROSE BOTANICAL CANDLES
85130C,BEADED CRYSTAL HEART BLUE  LARGE
21041,RED RETROSPOT OVEN GLOVE DOUBLE
23527,WALL ART ANIMALS AND NATURE 
22982,PANTRY PASTRY BRUSH
23302,KNEELING MAT HOUSEWORK  DESIGN
22436,12 COLOURED PARTY BALLOONS
22895,SET OF 2 TEA TOWELS APPLE AND PEARS
21669,BLUE STRIPE CERAMIC DRAWER KNOB
85034B,3 WHITE CHOC MORRIS BOXED CANDLES
84218,BOX/12 CHICK & EGG IN BASKET
21159,MOODY BOY  DOOR HANGER 
21884,CAKES AND BOWS GIFT  TAPE
22170,PICTURE FRAME WOOD TRIPLE PORTRAIT
22168,ORGANISER WOOD ANTIQUE WHITE 
22816,CARD MOTORBIKE SANTA
22374,AIRLINE BAG VINTAGE JET SET RED
22492,MINI PAINT SET VINTAGE 
23424,GINGHAM RECIPE BOOK BOX
23580,SNACK TRAY HAPPY FOREST  
21755,LOVE BUILDING BLOCK WORD
22210,WOOD STAMP SET BEST WISHES
22390,PAPERWEIGHT CHILDHOOD MEMORIES
85187,S/12 MINI RABBIT EASTER
23118,PARISIENNE JEWELLERY DRAWER 
22597,MUSICAL ZINC HEART DECORATION 
22217,T-LIGHT HOLDER HANGING LACE
84992,72 SWEETHEART FAIRY CAKE CASES
21988,PACK OF 6 SKULL PAPER PLATES
23660,HENRIETTA HEN MUG 
22981,PANTRY APPLE CORER
23034,DRAWER KNOB CERAMIC BLACK
23020,GLASS  SONGBIRD STORAGE JAR
21428,SET3 BOOK BOX GREEN GINGHAM FLOWER 
23308,SET OF 60 VINTAGE LEAF CAKE CASES 
22569,FELTCRAFT CUSHION BUTTERFLY
21479,WHITE SKULL HOT WATER BOTTLE 
23287,RED VINTAGE SPOT BEAKER
22063,CERAMIC BOWL WITH STRAWBERRY DESIGN
82552,WASHROOM METAL SIGN
21739,COSY SLIPPER SHOES SMALL GREEN
22566,FELTCRAFT HAIRBAND PINK AND PURPLE
47570B,TEA TIME TABLE CLOTH
20665,RED RETROSPOT PURSE 
84877B,GREEN ROUND COMPACT MIRROR
22997,TRAVEL CARD WALLET UNION JACK
22057,CERAMIC PLATE STRAWBERRY DESIGN
22270,HAPPY EASTER HANGING DECORATION
23695,DOILY THANK YOU CARD
17091J,VANILLA INCENSE IN TIN
21903,MAN FLU METAL SIGN
21609,SET 12 LAVENDER  BOTANICAL T-LIGHTS
20702,PINK PADDED MOBILE
85132C,CHARLIE AND LOLA FIGURES TINS
22191,IVORY DINER WALL CLOCK
22410,MONEY BOX HOUSEKEEPING DESIGN
23187,FRENCH STYLE STORAGE JAR BONBONS
21832,CHOCOLATE CALCULATOR
23156,SET OF 5 MINI GROCERY MAGNETS
20679,EDWARDIAN PARASOL RED
23374,RED SPOT PAPER GIFT BAG
21741,COSY SLIPPER SHOES LARGE GREEN
23138,SINGLE WIRE HOOK IVORY HEART
71101E,STANDING FAIRY POLE SUPPORT 
21143,ANTIQUE GLASS HEART DECORATION 
22340,NOEL GARLAND PAINTED ZINC 
23120,PACK OF 6 SMALL FRUIT STRAWS
22479,DAISY GARDEN MARKER
90214K,"LETTER ""K"" BLING KEY RING"
22564,ALPHABET STENCIL CRAFT
22639,SET OF 4 NAPKIN CHARMS HEARTS
22535,MAGIC DRAWING SLATE BUNNIES 
16238,PARTY TIME PENCIL ERASERS
23445,ICE CREAM BUBBLES
22738,RIBBON REEL SNOWY VILLAGE
85124B,BLUE JUICY FRUIT PHOTO FRAME
21813,GARLAND WITH STARS AND BELLS
85231G,ORANGE SCENTED SET/9 T-LIGHTS
22919,HERB MARKER MINT
85184C,S/4 VALENTINE DECOUPAGE HEART BOX
22917,HERB MARKER ROSEMARY
11001,ASSTD DESIGN RACING CAR PEN
22093,MOTORING TISSUE BOX
84750B,BLACK SMALL GLASS CAKE STAND
22193,RED DINER WALL CLOCK
23318,BOX OF 6 MINI VINTAGE CRACKERS
85183B,CHARLIE & LOLA WASTEPAPER BIN FLORA
85230E,STRAWBRY SCENTED VOTIVE CANDLE
22854,CREAM SWEETHEART EGG HOLDER
51020A,SUMMER FUN DESIGN SHOWER CAP
84212,"ASSORTED FLOWER COLOUR ""LEIS"""
22091,EMPIRE TISSUE BOX
23340,VINTAGE CHRISTMAS CAKE FRILL
23479,WIRE EGG BASKET 
22936,BAKING MOULD ROSE WHITE CHOCOLATE
23353,6 GIFT TAGS VINTAGE CHRISTMAS 
23007, SPACEBOY BABY GIFT SET
72819,CUPID DESIGN SCENTED CANDLES
22828,REGENCY MIRROR WITH SHUTTERS
21123,SET/10 IVORY POLKADOT PARTY CANDLES
22861,EASTER TIN CHICKS IN GARDEN
84406B,CREAM CUPID HEARTS COAT HANGER
22664,TOY TIDY DOLLY GIRL DESIGN
22403,MAGNETS PACK OF 4 VINTAGE LABELS 
21974,SET OF 36 PAISLEY FLOWER DOILIES
22765,NEWSPAPER STAND
21745,GAOLERS KEYS DECORATIVE GARDEN 
22357,KINGS CHOICE BISCUIT TIN
23096,PETIT TRAY CHIC
20764,ABSTRACT CIRCLES SKETCHBOOK 
22361,GLASS JAR DAISY FRESH COTTON WOOL
35965,FOLKART HEART NAPKIN RINGS
21578,WOODLAND DESIGN  COTTON TOTE BAG
22794,SWEETHEART WIRE MAGAZINE RACK
20832,RED FLOCK LOVE HEART PHOTO FRAME
84569A,PACK 3 IRON ON DOG PATCHES
85061W,WHITE JEWELLED HEART DECORATION
22033,BOTANICAL ROSE GREETING CARD
22510,GINGHAM BABUSHKA DOORSTOP
22847,BREAD BIN DINER STYLE IVORY
21907,I'M ON HOLIDAY METAL SIGN
23453,OVAL  MINI PORTRAIT FRAME
22179,SET 10 NIGHT OWL LIGHTS
21286,RETROSPOT CANDLE  LARGE
22074,6 RIBBONS SHIMMERING PINKS 
22543,MINI JIGSAW BAKE A CAKE 
79063C,"RETRO PILL BOX KEY CHAIN,THE KING"
21788,KIDS RAIN MAC BLUE
21949,SET OF 6 STRAWBERRY CHOPSTICKS
20902,VINTAGE KEEPSAKE BOX PARIS DAYS
21802,CHRISTMAS TREE HEART DECORATION
21658,GLASS  BEURRE DISH
21430,SET/3 RED GINGHAM ROSE STORAGE BOX
21280,VINTAGE KITCHEN PRINT VEGETABLES
22310,IVORY KNITTED MUG COSY 
21615,4 LAVENDER BOTANICAL DINNER CANDLES
22200,FRYING PAN PINK POLKADOT
22947,WOODEN ADVENT CALENDAR RED
85078,SCANDINAVIAN 3 HEARTS NAPKIN RING
21291,SMALL POLKADOT CHOCOLATE GIFT BAG 
21408,SPOTTY PINK DUCK DOORSTOP
85208,SET/12 FUNKY FELT FLOWER PEG IN BAG
21407,BROWN CHECK CAT DOORSTOP 
21866,UNION JACK FLAG LUGGAGE TAG
22123,PING MICROWAVE APRON
90186B,CRYSTAL HOOP EARRING FLORAL LEAF
70006,LOVE HEART POCKET WARMER
22241,GARLAND WOODEN HAPPY EASTER
23081,GREEN METAL BOX ARMY SUPPLIES
35833P,4 PINK FLOCK CHRISTMAS BALLS
23502,PLAYING CARDS VINTAGE DOILY 
72760B,VINTAGE CREAM 3 BASKET CAKE STAND
23464,VINTAGE ZINC WATERING CAN SMALL
21464,DISCO BALL ROTATOR BATTERY OPERATED
22645,CERAMIC HEART FAIRY CAKE MONEY BANK
20985,HEART CALCULATOR
17003,BROCADE RING PURSE 
21695,SMALL SILVER FLOWER CANDLE POT
22620,4 TRADITIONAL SPINNING TOPS
22841,ROUND CAKE TIN VINTAGE GREEN
22653,BUTTON BOX 
22715,CARD WEDDING DAY
22900, SET 2 TEA TOWELS I LOVE LONDON 
84279P,CHERRY BLOSSOM  DECORATIVE FLASK
22547,MINI JIGSAW DINOSAUR 
84510A,SET OF 4 ENGLISH ROSE COASTERS
22425,ENAMEL COLANDER CREAM
21380,WOODEN HAPPY BIRTHDAY GARLAND
21088,SET/6 FRUIT SALAD PAPER CUPS
23193,BUFFALO BILL TREASURE BOOK BOX
23504,PLAYING CARDS JUBILEE UNION JACK
85034C,3 ROSE MORRIS BOXED CANDLES
23135,SMALL ZINC HEART WALL ORGANISER
22023,EMPIRE BIRTHDAY CARD
22289,HANGING METAL CHICKEN DECORATION
21675,BUTTERFLIES STICKERS
21205,MULTICOLOUR 3D BALLS GARLAND
21038,SET/4 MODERN VINTAGE COTTON NAPKINS
21618,4 WILDFLOWER BOTANICAL CANDLES
22294,HEART FILIGREE DOVE  SMALL
22574,HEART WOODEN CHRISTMAS DECORATION
84706F,RED PEONY TABLE CLOCK
22128,PARTY CONES CANDY ASSORTED
16258A,SWIRLY CIRCULAR RUBBERS IN BAG
72800C,4 PINK DINNER CANDLE SILVER FLOCK
21781,MA CAMPAGNE CUTLERY BOX
21456,2 PICTURE BOOK EGGS EASTER CHICKS
22116,METAL SIGN HIS DINNER IS SERVED
85071A,BLUE CHARLIE+LOLA PERSONAL DOORSIGN
10133,COLOURING PENCILS BROWN TUBE
84971S,SMALL HEART FLOWERS HOOK 
22922,FRIDGE MAGNETS US DINER ASSORTED
47593B,SCOTTIE DOGS BABY BIB
22942,CHRISTMAS LIGHTS 10 SANTAS 
22555,PLASTERS IN TIN STRONGMAN
20711,JUMBO BAG TOYS 
22604,SET OF 4 NAPKIN CHARMS CUTLERY
23323,WHITE WICKER STAR 
22831,WHITE BROCANTE SOAP DISH
23194,GYMKHANA TREASURE BOOK BOX
21244,BLUE POLKADOT PLATE 
20705,MRS ROBOT SOFT TOY
23328,SET 6 SCHOOL MILK BOTTLES IN CRATE
84536B,FAIRY CAKES NOTEBOOK A7 SIZE
20750,RED RETROSPOT MINI CASES
22916,HERB MARKER THYME
20766,GARDEN PATH SKETCHBOOK
21677,HEARTS  STICKERS
22971,QUEENS GUARD COFFEE MUG
23274,STAR T-LIGHT HOLDER WILLIE WINKIE
23315,IVORY REFECTORY CLOCK
22222,CAKE PLATE LOVEBIRD WHITE
85035A,GARDENIA 3 WICK MORRIS BOXED CANDLE
23418,LAVENDER TOILETTE BOTTLE
21822,GLITTER CHRISTMAS TREE WITH BELLS
23023,RIDGED BONNE JAM JAR T-LIGHT HOLDER
71477,COLOURED GLASS STAR T-LIGHT HOLDER
23006,TRAVEL CARD WALLET FLOWER MEADOW
84968D,SET OF 16 VINTAGE RED CUTLERY
35961,FOLKART ZINC HEART CHRISTMAS DEC
22636,CHILDS BREAKFAST SET CIRCUS PARADE
22332,SKULLS PARTY BAG + STICKER SET
37448,CERAMIC CAKE DESIGN SPOTTED MUG
22985,WRAP BILLBOARD FONTS DESIGN
22381,TOY TIDY PINK POLKADOT
23561,SET OF 6 RIBBONS PARTY
20666,ECONOMY HOLIDAY PURSE
21110,LARGE CAKE TOWEL PINK SPOTS
37495,FAIRY CAKE BIRTHDAY CANDLE SET
71510,SQUARE METAL CANDLEHOLDER BASE
21670,BLUE SPOT CERAMIC DRAWER KNOB
23505,PLAYING CARDS I LOVE LONDON 
23473,WOODLAND SMALL RED FELT HEART
22944,CHRISTMAS METAL POSTCARD WITH BELLS
21157,RED RETROSPOT WASHBAG
22186,RED STAR CARD HOLDER
20866,BLUE ROSE FABRIC MIRROR
46775D,SUNSET COLOUR CHUNKY KNITTED THROW
21713,CITRONELLA CANDLE FLOWERPOT
22114,HOT WATER BOTTLE TEA AND SYMPATHY
23404,HOME SWEET HOME BLACKBOARD
23028,DRAWER KNOB CRACKLE GLAZE BLUE
21121,SET/10 RED POLKADOT PARTY CANDLES
85170D,SET/6 PINK BIRD T-LIGHT CANDLES
23273,HEART T-LIGHT HOLDER WILLIE WINKIE
22968,ROSE COTTAGE KEEPSAKE BOX 
23016,GLASS TWIST BON BON JAR
21333,CLASSIC WHITE FRAME
23137,ZINC WIRE SWEETHEART LETTER TRAY
22039,BOTANICAL LILY GIFT WRAP
21401,BLUE PUDDING SPOON
22496,SET OF 2 ROUND TINS DUTCH CHEESE
35923,CANDY HEART HANGING DECORATION
23189,SET OF 12 FORK CANDLES
23436,VINTAGE CHRISTMAS GIFT BAG LARGE 
20748,KENSINGTON COFFEE SET
22537,MAGIC DRAWING SLATE DINOSAUR
21242,RED RETROSPOT PLATE 
84507B,STRIPES DESIGN MONKEY DOLL
62086A,PINK RETRO BIG FLOWER BAG
20967,GREY FLORAL FELTCRAFT SHOULDER BAG
21902,"KEY FOB , FRONT  DOOR "
47480,HANGING PHOTO CLIP ROPE LADDER
23372,SET 36 COLOUR PENCILS DOLLY GIRL
20767,BLUE PAISLEY JOURNAL 
22127,PARTY CONES CARNIVAL ASSORTED
85016,SET OF 6 VINTAGE NOTELETS KIT
22991,GIRAFFE WOODEN RULER
22609,PENS ASSORTED SPACEBALL
21507,"ELEPHANT, BIRTHDAY CARD, "
23021,GLASS BONNE JAM JAR
21926,RED/CREAM STRIPE CUSHION COVER 
20847,ZINC HEART LATTICE CHARGER LARGE
22905,CALENDAR IN SEASON DESIGN
21955,DOORMAT UNION JACK GUNS AND ROSES
21361,LOVE LARGE WOOD LETTERS 
23099,FRENCH CARRIAGE LANTERN
37413,ICON MUG REVOLUTIONARY
22050,PINK PAISLEY ROSE GIFT WRAP
22402,MAGNETS PACK OF 4 VINTAGE COLLAGE
22449,SILK PURSE BABUSHKA PINK
21014,SWISS CHALET TREE DECORATION 
20674,GREEN POLKADOT BOWL
82581,TOILET METAL SIGN
23130,MISTLETOE HEART WREATH GREEN
22567,20 DOLLY PEGS RETROSPOT
22278,OVERNIGHT BAG VINTAGE ROSE PAISLEY
23345, DOLLY GIRL BEAKER
90136,PALE PINK/AMETHYST STONE NECKLACE
79191C,RETRO PLASTIC ELEPHANT TRAY
23306,SET OF 36 DOILIES PANTRY DESIGN
22220,CAKE STAND LOVEBIRD 2 TIER WHITE
22938,CUPCAKE LACE PAPER SET 6
22810,SET OF 6 T-LIGHTS SNOWMEN
22695,WICKER WREATH SMALL
20838,FRENCH LATTICE CUSHION COVER 
72802C,VANILLA SCENT CANDLE JEWELLED BOX
23375,50'S CHRISTMAS PAPER GIFT BAG
21064,BOOM BOX SPEAKER BOYS
20655,QUEEN OF SKIES LUGGAGE TAG
22135,MINI LADLE LOVE HEART PINK
22852,DOG BOWL VINTAGE CREAM
22228,BUNNY WOODEN PAINTED WITH BIRD 
84006,MAGIC TREE -PAPER FLOWERS
23559,WOODLAND BUNNIES LOLLY MAKERS
21581,SKULLS  DESIGN  COTTON TOTE BAG
85159A,"BLACK TEA,COFFEE,SUGAR JARS"
22571,ROCKING HORSE RED CHRISTMAS 
22550,HOLIDAY FUN LUDO
20770,ABSTRACT CIRCLE JOURNAL 
23181,BULL DOG BOTTLE TOP WALL CLOCK
23337,EGG FRYING PAN MINT 
22838,3 TIER CAKE TIN RED AND CREAM
22044,CHRISTMAS CARD STACK OF PRESENTS
22362,GLASS JAR PEACOCK BATH SALTS
23555,LANDMARK FRAME NOTTING HILL 
23107,WHITE HEARTS WIRE PLANT POT HOLDER
22737,RIBBON REEL CHRISTMAS PRESENT 
37450,CERAMIC CAKE BOWL + HANGING CAKES
21726,MULTI HEARTS  STICKERS
18098C,PORCELAIN BUTTERFLY OIL BURNER
23244,STORAGE TIN VINTAGE LEAF
21389,IVORY HANGING DECORATION  BIRD
21735,TWO DOOR CURIO CABINET
21584,RETROSPOT SMALL TUBE MATCHES
23125,6PC WOOD PLATE SET DISPOSABLE
M,Manual
21792,CLASSIC FRENCH STYLE BASKET GREEN 
22211,WOOD STAMP SET FLOWERS
23182,TOILET SIGN OCCUPIED OR VACANT
23475,WOODLAND SMALL PINK FELT HEART
22687,DOORMAT CHRISTMAS VILLAGE
23214,JINGLE BELL HEART ANTIQUE GOLD
23236,STORAGE TIN VINTAGE DOILY 
84531B,BLUE KNITTED EGG COSY
71053,WHITE METAL LANTERN
22683,FRENCH BLUE METAL DOOR SIGN 8
22182,CAKE STAND VICTORIAN FILIGREE SMALL
23460,SWEETHEART WALL TIDY 
85032A,ROMANTIC IMAGES GIFT WRAP SET
22396,MAGNETS PACK OF 4 RETRO PHOTO
23212,HEART WREATH DECORATION WITH BELL
21012,ANTIQUE ALL GLASS CANDLESTICK
21689,SILVER VANILLA  FLOWER CANDLE POT
22426,ENAMEL WASH BOWL CREAM
21881,CUTE CATS TAPE
21586,KINGS CHOICE GIANT TUBE MATCHES
23041,PAPER LANTERN 9 POINT SNOW STAR
22977,DOLLY GIRL CHILDRENS EGG CUP
23471,SIX DRAWER OFFICE TIDY
21890,S/6 WOODEN SKITTLES IN COTTON BAG
21820,GLITTER HEART GARLAND WITH BELLS 
84859B,BLUE DISCO HANDBAG
23152,IVORY SWEETHEART WIRE LETTER RACK 
23268,SET OF 2 CERAMIC CHRISTMAS REINDEER
22588,CARD HOLDER GINGHAM HEART
BANK CHARGES,Bank Charges
85049D,BRIGHT BLUES RIBBONS 
21447,12 IVORY ROSE PEG PLACE SETTINGS
21366,MIRRORED WALL ART PHOTO FRAMES
21715,GIRLS VINTAGE TIN SEASIDE BUCKET
84568,GIRLS ALPHABET IRON ON PATCHES 
22704,WRAP RED APPLES 
21424,WOODLAND STORAGE BOX LARGE 
21402,RED  EGG  SPOON
22314,OFFICE MUG WARMER CHOC+BLUE
22801,ANTIQUE GLASS PEDESTAL BOWL
21248,DOOR HANGER  MUM + DADS ROOM
23151,ZINC SWEETHEART SOAP DISH
17107D,"FLOWER FAIRY,5 SUMMER B'DRAW LINERS"
84032B,CHARLIE + LOLA RED HOT WATER BOTTLE
22167, OVAL WALL MIRROR DIAMANTE 
23411, TRELLIS COAT RACK
23077,DOUGHNUT LIP GLOSS 
22677,FRENCH BLUE METAL DOOR SIGN 2
21055,TOOL BOX SOFT TOY 
23417,BATHROOM HOOK
22343,PARTY PIZZA DISH RED RETROSPOT
21506,"FANCY FONT BIRTHDAY CARD, "
84849D,HOT BATHS SOAP HOLDER
22265,EASTER DECORATION NATURAL CHICK
22689,DOORMAT MERRY CHRISTMAS RED 
47594B,SCOTTIES DESIGN WASHBAG
23237,SET OF 4 KNICK KNACK TINS LEAF
85071C,"CHARLIE+LOLA""EXTREMELY BUSY"" SIGN"
90019C,SILVER BLACK ORBIT BRACELET
22999,TRAVEL CARD WALLET RETRO PETALS
23423,PANTRY 3 HOOK ROLLING PIN HANGER
84247E,PACK/12 XMAS FUN CARD
84842,HELLO SAILOR BATHROOM SET
22163,HEART STRING MEMO HOLDER HANGING
22782,SET 3 WICKER STORAGE BASKETS 
23150,IVORY SWEETHEART SOAP DISH
22744,MAKE YOUR OWN MONSOON CARD KIT
84251B,"GREETING CARD, STICKY GORDON"
21278,VINTAGE KITCHEN PRINT PUDDINGS
23178,JAM CLOCK MAGNET
22606,WOODEN SKITTLES GARDEN SET
23282,FOLDING BUTTERFLY MIRROR IVORY 
22491,PACK OF 12 COLOURED PENCILS
84944,SET OF 6 KASHMIR FOLKART BAUBLES
90059E,DIAMANTE HAIR GRIP PACK/2 RUBY
22475,SKULL DESIGN TV DINNER TRAY
22939,APRON APPLE DELIGHT
21096,SET/6 FRUIT SALAD  PAPER PLATES
23285,PINK VINTAGE SPOT BEAKER
22902,TOTE BAG I LOVE LONDON
72800E,4 IVORY DINNER CANDLES SILVER FLOCK
22812,PACK 3 BOXES CHRISTMAS PANNETONE
71496B,A4 WALL TIDY RED FLOWERS
17109D,FLOWER FAIRY INCENSE BOUQUET
21403,BLUE EGG  SPOON
23147,SINGLE ANTIQUE ROSE HOOK IVORY
23312,VINTAGE CHRISTMAS GIFT SACK
85184C,SET 4 VALENTINE DECOUPAGE HEART BOX
22224,WHITE LOVEBIRD LANTERN
35004G,SET OF 3 GOLD FLYING DUCKS
22512,DOORSTOP RACING CAR DESIGN
35649,VINTAGE BEAD COSMETIC BAG 
20986,BLUE CALCULATOR RULER
21070,VINTAGE BILLBOARD MUG 
85038,6 CHOCOLATE LOVE HEART T-LIGHTS
22601,CHRISTMAS RETROSPOT ANGEL WOOD
22912,YELLOW COAT RACK PARIS FASHION
23535,BICYCLE SAFTEY WALL ART
84985A,SET OF 72 GREEN PAPER DOILIES
23326,HANGING MINI COLOURED BOTTLES
85049E,SCANDINAVIAN REDS RIBBONS
22522,CHILDS GARDEN FORK BLUE 
22924,FRIDGE MAGNETS LA VIE EN ROSE
23281,FOLDING BUTTERFLY MIRROR RED  
21208,PASTEL COLOUR HONEYCOMB FAN
22068,BLACK PIRATE TREASURE CHEST
47471,RAINBOW PEGS PHOTO CLIP STRING
21411,GINGHAM HEART  DOORSTOP RED
90199C,5 STRAND GLASS NECKLACE CRYSTAL
35815P,"ACRYLIC JEWEL SNOWFLAKE, PINK"
84795B,SUNSET CHECK HAMMOCK
23155,KNICKERBOCKERGLORY MAGNET ASSORTED 
22949,36 DOILIES DOLLY GIRL
23437, 50'S CHRISTMAS GIFT BAG LARGE
22897,OVEN MITT APPLES DESIGN
21415,CLAM SHELL SMALL 
22788,BROCANTE COAT RACK
21539,RED RETROSPOT BUTTER DISH
23040,PAPER LANTERN 9 POINT SNOW STAR 
21591,COSY HOUR CIGAR BOX MATCHES 
22350,ILLUSTRATED CAT BOWL 
84880,WHITE WIRE EGG HOLDER
20716,PARTY FOOD SHOPPER BAG
16207A,PINK STRAWBERRY HANDBAG 
21693,SMALL HAMMERED SILVER CANDLEPOT 
85227,SET OF 6 3D KIT CARDS FOR KIDS
35924,HANGING FAIRY CAKE DECORATION
23356,LOVE HOT WATER BOTTLE
22986,WRAP GINGHAM ROSE 
90086,CRYSTAL FROG PHONE CHARM
22742,MAKE YOUR OWN PLAYTIME CARD KIT
22372,AIRLINE BAG VINTAGE WORLD CHAMPION 
21232,STRAWBERRY CERAMIC TRINKET POT
21784,SHOE SHINE BOX 
84876B,GREEN HEART COMPACT MIRROR
10135,COLOURING PENCILS BROWN TUBE
22345,PARTY PIZZA DISH BLUE POLKADOT
21628,TRIANGULAR POUFFE VINTAGE 
22445,PENCIL CASE LIFE IS BEAUTIFUL
21638,ASSORTED TUTTI FRUTTI NOTEBOOK
23116,VEGETABLE GARDEN CHOPPING BOARD
22136,LOVE HEART SOCK HANGER
22269,EGG CUP NATURAL CHICKEN
21507,ELEPHANT BIRTHDAY CARD 
85169A,IVORY LOVE BIRD CANDLE
15058C,ICE CREAM DESIGN GARDEN PARASOL
84968C,SET OF 16 VINTAGE PISTACHIO CUTLERY
85019B,BLOSSOM  IMAGES NOTEBOOK SET
22839,3 TIER CAKE TIN GREEN AND CREAM
22434,BALLOON PUMP WITH 10 BALLOONS
22712,CARD DOLLY GIRL 
22713,CARD I LOVE LONDON 
22334,DINOSAUR PARTY BAG + STICKER SET
22681,FRENCH BLUE METAL DOOR SIGN 6
21679,SKULLS  STICKERS
22921,HERB MARKER CHIVES 
20941,FROG CANDLE
21871,SAVE THE PLANET MUG
22822,CREAM WALL PLANTER HEART SHAPED
22886,NUMBER TILE VINTAGE FONT 7
20765,CHRYSANTHEMUM SKETCHBOOK 
20682,RED RETROSPOT CHILDRENS UMBRELLA
84597B,RETRO BROWN BALL ASHTRAY 
46000S,POLYESTER FILLER PAD 40x40cm
22516,CHILDS GARDEN RAKE BLUE
22307,GOLD MUG BONE CHINA TREE OF LIFE
23069,EDWARDIAN PHOTO FRAME
22732,3D VINTAGE CHRISTMAS STICKERS 
22195,LARGE HEART MEASURING SPOONS
23190,BUNDLE OF 3 SCHOOL EXERCISE BOOKS  
22772,PINK DRAWER KNOB ACRYLIC EDWARDIAN
16045,POPART WOODEN PENCILS ASST
23223,CHRISTMAS TREE HANGING SILVER 
22243,5 HOOK HANGER RED MAGIC TOADSTOOL
22130,PARTY CONE CHRISTMAS DECORATION 
22040,BOTANICAL ROSE GIFT WRAP
23568,EGG CUP HENRIETTA HEN CREAM 
22603,CHRISTMAS RETROSPOT TREE WOOD
23396,BUTTERFLY CUSHION COVER
20996,JAZZ HEARTS ADDRESS BOOK
90082A,DIAMANTE BOW BROOCH GREEN COLOUR
22584,PACK OF 6 PANETTONE GIFT BOXES
84950,ASSORTED COLOUR T-LIGHT HOLDER
23112,PARISIENNE CURIO CABINET
84929,ASSTD FRUIT+FLOWERS FRIDGE MAGNETS
23220,REINDEER HEART DECORATION GOLD
22092,BLUE PAISLEY TISSUE BOX
21066,VINTAGE RED MUG
21818,GLITTER HEART DECORATION
22406,MONEY BOX KINGS CHOICE DESIGN
85180B,PINK HEARTS LIGHT CHAIN 
84800L,LARGE WHITE/PINK ROSE ART FLOWER
85135B,BLUE DRAGONFLY HELICOPTER
22504,CABIN BAG VINTAGE RETROSPOT
22918,HERB MARKER PARSLEY
84032A,CHARLIE+LOLA PINK HOT WATER BOTTLE
21015,DARK BIRD HOUSE TREE DECORATION
79163,BLACK CHAMPAGNE GLASS
22230,JIGSAW TREE WITH WATERING CAN
21452,TOADSTOOL MONEY BOX
15034,PAPER POCKET TRAVELING FAN 
23104,IVORY CAFE HANGING LAMP 
22148,EASTER CRAFT 4 CHICKS 
21187,WHITE BELL HONEYCOMB PAPER GARLAND 
22532,MAGIC DRAWING SLATE LEAP FROG 
17012F,ORIGAMI SANDLEWOOD INCENSE/CAND SET
21471,STRAWBERRY RAFFIA FOOD COVER
20836,FRENCH PAISLEY CUSHION COVER
23492,VINTAGE JINGLE BELLS WREATH
71403,"PINK/WHITE ""KEEP CLEAN"" BULLET BIN"
23217,LAUREL HEART ANTIQUE SILVER
21833,CAMOUFLAGE LED TORCH
22249,DECORATION WHITE CHICK MAGIC GARDEN
22572,ROCKING HORSE GREEN CHRISTMAS 
22045,SPACEBOY GIFT WRAP
84832,ZINC WILLIE WINKIE  CANDLE STICK
22581,WOOD STOCKING CHRISTMAS SCANDISPOT
21318,GLASS CHALICE BLUE SMALL 
22946,WOODEN ADVENT CALENDAR CREAM
84843,WHITE SOAP RACK WITH 2 BOTTLES
85214,TUB 24 PINK FLOWER PEGS
22511,RETROSPOT BABUSHKA DOORSTOP
84563B,BLUE & WHITE BREAKFAST TRAY
22204,MILK PAN BLUE POLKADOT
72130,COLUMBIAN CANDLE ROUND
22533,MAGIC DRAWING SLATE BAKE A CAKE 
22316,200 BENDY SKULL STRAWS
22209,WOOD STAMP SET HAPPY BIRTHDAY
22985,"WRAP, BILLBOARD FONTS DESIGN"
21843,RED RETROSPOT CAKE STAND
21354,TOAST ITS - BEST MUM
85106,CUT GLASS HEXAGON T-LIGHT HOLDER
22311,OFFICE MUG WARMER BLACK+SILVER 
23211,RED ROCKING HORSE HAND PAINTED
21199,PINK  HEART CONFETTI IN TUBE
21163,DO NOT TOUCH MY STUFF DOOR HANGER 
23237,SET OF 4 KNICK KNACK TINS LEAVES 
23368,SET 12 COLOUR PENCILS DOLLY GIRL 
84012,MAGIC SHEEP WOOL GROWING FROM PAPER
23166,MEDIUM CERAMIC TOP STORAGE JAR
85026B,EAU DE NILE JEWELLED T-LIGHT HOLDER
85212,MINI PAINTED GARDEN DECORATION 
22025,RING OF ROSES BIRTHDAY CARD
23545,WRAP RED VINTAGE DOILY
22678,FRENCH BLUE METAL DOOR SIGN 3
22081,RIBBON REEL FLORA + FAUNA 
22422,TOOTHPASTE TUBE PEN
23003,TRAVEL CARD WALLET VINTAGE ROSE 
22279,POCKET BAG BLUE PAISLEY RED SPOT
21706,FOLDING UMBRELLA RED/WHITE POLKADOT
22820,GIFT BAG BIRTHDAY
21680,WOODLAND  STICKERS
21900,"KEY FOB , SHED"
21864,UNION JACK FLAG PASSPORT COVER 
23406,HOME SWEET HOME KEY HOLDER
85114C,RED ENCHANTED FOREST PLACEMAT
72807C,SET/3 VANILLA SCENTED CANDLE IN BOX
85059,FRENCH ENAMEL WATER BASIN
22324,BLUE POLKADOT KIDS BAG
21420,OYSTER TRINKET BOX
71270,PHOTO CLIP LINE
23065,LARGE DECO JEWELLERY STAND
72817,SET OF 2 CHRISTMAS DECOUPAGE CANDLE
85071D,CHARLIE+LOLA MY ROOM DOOR SIGN
21650,ASSORTED TUTTI FRUTTI BRACELET
17084J,LOVE POTION MASALA INCENSE
84600,NEW BAROQUE JEWELLERY BOX 
21934,SKULL SHOULDER BAG
22827,RUSTIC  SEVENTEEN DRAWER SIDEBOARD
22280,POCKET BAG PINK PAISELY BROWN SPOT
23542,WALL ART 70'S ALPHABET 
23509,MINI PLAYING CARDS FUN FAIR 
85163B,BLACK BAROQUE WALL CLOCK 
85015,SET OF 12  VINTAGE POSTCARD SET
22088,PAPER BUNTING COLOURED LACE
21883,STARS GIFT TAPE 
20773,BLUE PAISLEY NOTEBOOK
22252,BIRDCAGE DECORATION TEALIGHT HOLDER
44236,PINK/PURPLE CIRCLE CURTAIN
21179,NO JUNK MAIL METAL SIGN
22676,FRENCH BLUE METAL DOOR SIGN 1
23434,3 RAFFIA RIBBONS 50'S CHRISTMAS 
21746,SMALL RED RETROSPOT WINDMILL
22476,EMPIRE UNION JACK TV DINNER TRAY
21804,WHITE CHRISTMAS GARLAND STARS TREES
22494,EMERGENCY FIRST AID TIN 
85130B,BEADED CRYSTAL HEART GREEN LARGE
22131,FOOD CONTAINER SET 3 LOVE HEART 
21557,SET OF 6 FUNKY BEAKERS
22409,MONEY BOX BISCUITS DESIGN
22251,BIRDHOUSE DECORATION MAGIC GARDEN
85020,ROUND PINK HEART MIRROR
37467,PIG MUG IN TWO COLOUR DESIGNS
37468,HARDMAN MUG 3 ASSORTED
23128,FELTCRAFT BOY JEAN-PAUL KIT
21238,RED RETROSPOT CUP
23429,RED RETRO KITCHEN WALL CLOCK
22258,FELT FARM ANIMAL RABBIT
23330,DECORATIVE WICKER HEART MEDIUM
21587,COSY HOUR GIANT TUBE MATCHES
20846,ZINC HEART LATTICE T-LIGHT HOLDER
85032C,CURIOUS IMAGES GIFT WRAP SET
84659A,WHITE TRAVEL ALARM CLOCK
23089,GLASS BON BON JAR
23391, I LOVE LONDON MINI BACKPACK
21065,BOOM BOX SPEAKER GIRLS
23111,PARISIENNE SEWING BOX
84683,CLASSICAL ROSE CANDLESTAND
22806,SET OF 6 T-LIGHTS WEDDING CAKE 
72140E,BEST DAD CANDLE LETTERS
21774,DECORATIVE CATS BATHROOM BOTTLE
21716,BOYS VINTAGE TIN SEASIDE BUCKET
23124,18PC WOODEN CUTLERY SET DISPOSABLE
23233,WRAP POPPIES  DESIGN
23414,ZINC BOX SIGN HOME
23338,EGG FRYING PAN RED 
90214R,"LETTER ""R"" BLING KEY RING"
23087,ZINC  HEART T-LIGHT HOLDER
21279,VINTAGE KITCHEN PRINT FRUITS
47503H,ASS FLORAL PRINT SPIRIT LEVEL 
79337,BLUE FLOCK GLASS CANDLEHOLDER
20932,PINK POT PLANT CANDLE
22250,DECORATION  BUTTERFLY  MAGIC GARDEN
20803,SMALL PINK GLASS SUNDAE DISH
23317,BLUE REFECTORY CLOCK 
21285,RETROSPOT CANDLE  MEDIUM
84279B,CHERRY BLOSSOM DECORATIVE FLASK
22954,HEN PARTY CORDON BARRIER TAPE
84707A,SILVER JEWELLED MIRROR TRINKET TRAY
23425,STORAGE TIN HOME SWEET HOME
21263,GREEN GOOSE FEATHER TREE 60CM
23122,PARTY CHARMS 50 PIECES
90214A,"LETTER ""A"" BLING KEY RING"
23005,TRAVEL CARD WALLET I LOVE LONDON
22065,CHRISTMAS PUDDING TRINKET POT 
22817,CARD SUKI BIRTHDAY
84596E,SMALL LICORICE DES PINK BOWL
21984,PACK OF 12 PINK PAISLEY TISSUES 
20733,GOLD MINI TAPE MEASURE 
46776A,WOVEN BUBBLE GUM CUSHION COVER
23522,WALL ART DOG AND BALL 
21722,SWEET PUDDING STICKER SHEET
84429A,MEDIUM PINK BUDDHA HEAD 
22342,HOME GARLAND PAINTED ZINC 
23526,DOG LICENCE WALL ART
23224,CHERUB HEART DECORATION GOLD
22207,FRYING PAN UNION FLAG
85179A,GREEN BITTY LIGHT CHAIN
22395,PAPERWEIGHT VINTAGE PAISLEY
47578A,ENGLISH ROSE SMALL SCENTED FLOWER
85180A,RED HEARTS LIGHT CHAIN 
22026,BANQUET BIRTHDAY  CARD  
51014L,"FEATHER PEN,LIGHT PINK"
22035,VINTAGE CARAVAN GREETING CARD 
23357,HOT WATER BOTTLE SEX BOMB
84658,WHITE STITCHED CUSHION COVER
22948,METAL DECORATION NAUGHTY CHILDREN 
22419,LIPSTICK PEN RED
21201,TROPICAL  HONEYCOMB PAPER GARLAND 
85049H,URBAN BLACK RIBBONS 
84249A,"GREETING CARD,SQUARE, DOUGHNUTS"
21925,UNION STRIPE CUSHION COVER 
21982,PACK OF 12 SUKI TISSUES 
22308,TEA COSY BLUE STRIPE
21664,RIDGED GLASS STORAGE JAR CREAM LID
22236,CAKE STAND 3 TIER MAGIC GARDEN
22682,FRENCH BLUE METAL DOOR SIGN 7
23516,EMBROIDERED RIBBON REEL SOPHIE  
21761,WOOD AND GLASS MEDICINE CABINET
21508,VINTAGE KID DOLLY CARD 
23314,VINTAGE CHRISTMAS TABLECLOTH
20931,BLUE POT PLANT CANDLE 
20694,FLORAL PINK MONSTER
21801,CHRISTMAS TREE DECORATION WITH BELL
21547,CERAMIC BIRDHOUSE CRESTED TIT SMALL
21164,HOME SWEET HOME METAL SIGN 
21272,SALLE DE BAIN HOOK
21439,BASKET OF TOADSTOOLS
22999,TRAVEL CARD WALLET VINTAGE LEAF
84569D,PACK 6 HEART/ICE-CREAM PATCHES
47580,TEA TIME DES TEA COSY
85136A,YELLOW SHARK HELICOPTER
21358,TOAST ITS - HAPPY BIRTHDAY
21643,ASSORTED TUTTI FRUTTI MIRROR
22706,WRAP COWBOYS  
22975,SPACEBOY CHILDRENS EGG CUP
79302M,"ART LIGHTS,FUNK MONKEY"
22883,NUMBER TILE VINTAGE FONT 4
21032,SPACE CADET WHITE
18097C,WHITE TALL PORCELAIN T-LIGHT HOLDER
22257,FELT FARM ANIMAL SHEEP
21711,FOLDING UMBRELLA WHITE/RED POLKADOT
23228,FILIGREE HEART BIRD WHITE 
84997A,GREEN 3 PIECE POLKADOT CUTLERY SET
22641,SET OF 4 NAPKIN CHARMS INSTRUMENT
23491,VINTAGE JINGLE BELLS HEART
84849B,FAIRY SOAP SOAP HOLDER
84247E,PACK OF 12 CHRISTMAS FUN CARDS
22450,SILK PURSE BABUSHKA BLUE
23564,EGG CUP MILKMAID INGRID
22416,SET OF 36 DOILIES SPACEBOY DESIGN 
85116,BLACK CANDELABRA T-LIGHT HOLDER
22832,BROCANTE SHELF WITH HOOKS
22684,FRENCH BLUE METAL DOOR SIGN 9
90001D,ANTIQUE OLIVE GREEN FLOWER EARRINGS
23536,VILLAGE SHOW WALL ART
22414,DOORMAT NEIGHBOURHOOD WITCH 
72802B,OCEAN SCENT CANDLE IN JEWELLED BOX
72807B,SET/3 OCEAN SCENT CANDLE JEWEL BOX
84661A,WHITE SQUARE TABLE CLOCK
22360,GLASS JAR ENGLISH CONFECTIONERY
21379,CAMPHOR WOOD PORTOBELLO MUSHROOM
84707B,PINK JEWELLED MIRROR TRINKET TRAY
22454,MEASURING TAPE BABUSHKA RED
22779,WOODEN OWLS LIGHT GARLAND 
20758,ABSTRACT CIRCLES POCKET BOOK
23510,MINI PLAYING CARDS GYMKHANA
21126,SET OF 6 GIRLS CELEBRATION CANDLES
21556,CERAMIC STRAWBERRY MONEY BOX
21817,GLITTER CHRISTMAS TREE
85035C,ROSE 3 WICK MORRIS BOX CANDLE
37500,TEA TIME TEAPOT IN GIFT BOX
10125,MINI FUNKY DESIGN TAPES
16169M,WRAP DAISY CARPET 
23054,RECYCLED ACAPULCO MAT LAVENDER
84846A,SCENTED CANDLE IN DIGITALIS TIN
37327,ASSTD MULTICOLOUR CIRCLES MUG
22495,SET OF 2 ROUND TINS CAMEMBERT 
20936,FORKED CACTUS CANDLE
23541,WALL ART CLASSIC PUDDINGS 
21442,GREEN BIRDHOUSE DECORATION
21821,GLITTER STAR GARLAND WITH BELLS 
22473,TV DINNER TRAY VINTAGE PAISLEY
21270,ANTIQUE CREAM CUTLERY CUPBOARD
22349,DOG BOWL CHASING BALL DESIGN
90058B,CRYSTAL STUD EARRINGS ASSORTED COL 
23017,APOTHECARY MEASURING JAR
22483,RED GINGHAM TEDDY BEAR 
23466,TUSCAN VILLA DOVECOTE BIRD FEEDER
84926F,PSYCHEDELIC TILE COASTER
23074,EMBOSSED HEART TRINKET BOX
23044,PAPER LANTERN 9 POINT HOLLY STAR S
85036B,CHOCOLATE 1 WICK MORRIS BOX CANDLE
84876D,BLUE HEART COMPACT MIRROR
23524,HORSE & PONY WALL ART
84580,MOUSE TOY WITH PINK T-SHIRT
37476,CONDIMENT TRAY 4 BOWLS AND 4 SPOONS
21445,12 PINK ROSE PEG PLACE SETTINGS
23102,SILVER HEARTS TABLE DECORATION
22785,SQUARECUSHION COVER PINK UNION FLAG
21251,DINOSAUR HEIGHT CHART STICKER SET
90201D,GREEN ENAMEL FLOWER RING
21454,PAINTED PINK RABBIT 
22198,LARGE POPCORN HOLDER 
85203,HANGING WOOD AND FELT BUTTERFLY 
22853,CAT BOWL VINTAGE CREAM
47586A,PINK FAIRY CAKE CUSHION COVER
22857,ASSORTED EASTER GIFT TAGS
84509A,SET OF 4 ENGLISH ROSE PLACEMATS
90162B,ANT SILVER LIME GREEN BOUDICCA RING
85035B,CHOCOLATE 3 WICK MORRIS BOX CANDLE
20755,BLUE PAISLEY POCKET BOOK
85071B,RED CHARLIE+LOLA PERSONAL DOORSIGN
84078A,SET/4 WHITE RETRO STORAGE CUBES 
23498,CLASSIC BICYCLE CLIPS 
22359,GLASS JAR KINGS CHOICE
47574A,ENGLISH ROSE SCENTED HANGING FLOWER
23066,SMALL DECO JEWELLERY STAND
72780,BLACK SILOUETTE CANDLE PLATE
21194,PINK  HONEYCOMB PAPER FAN
20780,BLACK EAR MUFF HEADPHONES
23556,LANDMARK FRAME COVENT GARDEN 
23055,IVORY CHANDELIER T-LIGHT HOLDER
85034A,3 GARDENIA MORRIS BOXED CANDLES
22618,COOKING SET RETROSPOT
22267,EASTER DECORATION EGG BUNNY 
20615,BLUE POLKADOT PASSPORT COVER
21098,CHRISTMAS TOILET ROLL
40001,WHITE BAMBOO RIBS LAMPSHADE
21928,JUMBO BAG SCANDINAVIAN PAISLEY
22642,SET OF 4 NAPKIN CHARMS STARS   
21357,TOAST ITS - DINOSAUR
84625C,BLUE NEW BAROQUE CANDLESTICK CANDLE
22190,LOCAL CAFE MUG
22807,SET OF 6 T-LIGHTS TOADSTOOLS
21062,PARTY INVITES SPACEMAN
22331,WOODLAND PARTY BAG + STICKER SET
85127,SMALL SQUARE CUT GLASS CANDLESTICK
21352,EUCALYPTUS & PINECONE  WREATH
23079, TOADSTOOL BEDSIDE LIGHT 
23121,PACK OF 6 COCKTAIL PARASOL STRAWS
84231,EASTER BUNNY WITH BASKET ON BACK
22118,JOY WOODEN BLOCK LETTERS
85039B,S/4 IVORY MINI ROSE CANDLE IN BOWL
85163A,WHITE BAROQUE WALL CLOCK 
84632,DECORATIVE HANGING SHELVING UNIT
22472,TV DINNER TRAY DOLLY GIRL
90026D,GLASS BEAD HOOP NECKLACE AMETHYST
21240,BLUE POLKADOT CUP
22660,DOORMAT I LOVE LONDON
22518,CHILDS GARDEN BRUSH BLUE
82001S,VINYL RECORD FRAME SILVER
22594,CHRISTMAS GINGHAM TREE
22069,BROWN  PIRATE TREASURE CHEST 
23073,GEORGIAN TRINKET BOX
16259,PIECE OF CAMO STATIONERY SET
21724,PANDA AND BUNNIES STICKER SHEET
22576,SWALLOW WOODEN CHRISTMAS DECORATION
37370,RETRO COFFEE MUGS ASSORTED
84984A,GREEN PEONY CUSHION COVER
22064,PINK DOUGHNUT TRINKET POT 
22185,SLATE TILE NATURAL HANGING
85032D,YULETIDE IMAGES GIFT WRAP SET
62074B,ELEPHANT CLIP W SUCTION CUP
90161B,ANT COPPER TURQ BOUDICCA BRACELET
21742,LARGE ROUND WICKER PLATTER 
22306,SILVER MUG BONE CHINA TREE OF LIFE
22049,WRAP CHRISTMAS SCREEN PRINT
79403,FROSTED WHITE BASE 
84584,PINK GINGHAM CAT WITH SCARF
90177D,DROP DIAMANTE EARRINGS PURPLE
79030D,TUMBLER BAROQUE
17084R,ASSORTED INCENSE PACK
21125,SET 6 FOOTBALL CELEBRATION CANDLES
71279,PINK GLASS CANDLEHOLDER
47599B,BLUE PARTY BAGS 
90114,SUMMER DAISIES BAG CHARM
22223,CAKE PLATE LOVEBIRD PINK
21824,PAINTED METAL STAR WITH HOLLY BELLS
84993A,75 GREEN PETIT FOUR CASES
22363,GLASS JAR MARMALADE 
22021,BLUE FELT EASTER EGG BASKET
47593A,CAROUSEL PONIES BABY BIB
22685,FRENCH BLUE METAL DOOR SIGN 0
22526,WHEELBARROW FOR CHILDREN 
20761,BLUE PAISLEY SKETCHBOOK
22739,RIBBON REEL CHRISTMAS SOCK BAUBLE
23064,CINDERELLA CHANDELIER 
21468,BUTTERFLY CROCHET FOOD COVER
84199,GLOW IN DARK DOLPHINS
44235,ASS COL CIRCLE MOBILE 
22100,SKULLS SQUARE TISSUE BOX
72801C,4 ROSE PINK DINNER CANDLES
23106,ZINC HEARTS PLANT POT HOLDER
79071B,ENGLISH ROSE METAL WASTE BIN
90019B,GOLD M.O.P ORBIT BRACELET
84563A,PINK & WHITE BREAKFAST TRAY
23036,T-LIGHT HOLDER SILVER PETIT FOUR 
21117,BLOND DOLL DOORSTOP
21894,POTTING SHED SEED ENVELOPES
84688,BEACH HUT DESIGN BLACKBOARD
23469,CARD HOLDER LOVE BIRD SMALL
21588,RETROSPOT GIANT TUBE MATCHES
21666,RIDGED GLASS T-LIGHT HOLDER
23013,GLASS APOTHECARY BOTTLE TONIC
23232,WRAP VINTAGE PETALS  DESIGN
23543,KEEP CALM WALL ART 
51014C,"FEATHER PEN,COAL BLACK"
22162,HEART GARLAND RUSTIC PADDED
22452,MEASURING TAPE BABUSHKA PINK
22266,EASTER DECORATION HANGING BUNNY
23251,VINTAGE RED ENAMEL TRIM MUG 
21324,HANGING MEDINA LANTERN SMALL
23269,SET OF 2 CERAMIC CHRISTMAS TREES
21709,FOLDING UMBRELLA CHOCOLATE POLKADOT
23252,ENAMEL JUG PANTRY
21747,SMALL SKULL WINDMILL
20771,CHRYSANTHEMUM  JOURNAL
23250,VINTAGE RED TRIM ENAMEL BOWL 
90160C,TURQ+RED BOUDICCA LARGE BRACELET
90194,SILVER LARIAT BLACK STONE EARRINGS
21246,RED RETROSPOT BIG BOWL
23249,VINTAGE RED ENAMEL TRIM PLATE
21427,SKULLS STORAGE BOX SMALL
23244,ROUND STORAGE TIN VINTAGE LEAF
21625,VINTAGE UNION JACK APRON
23164,REGENCY CAKE SLICE
22784,LANTERN CREAM GAZEBO 
23115,RED APPLES CHOPPING BOARD   
23373,VINTAGE CHRISTMAS PAPER GIFT BAG
21690,SILVER  CANDLEPOT JARDIN 
84531A,PINK KNITTED EGG COSY
23101,SILVER STARS TABLE DECORATION
85008,SET OF 3 CONEY ISLAND OVAL BOXES
23019,SMALL APOTHECARY MEASURING JAR 
84031B,CHARLIE LOLA BLUE HOT WATER BOTTLE 
22318,FIVE HEART HANGING DECORATION
35095B,RED VICTORIAN FABRIC OVAL BOX
22647,CERAMIC LOVE HEART MONEY BANK
21386,IVORY HANGING DECORATION  EGG
23598,PAPER BUNTING VINTAGE PARTY
22509,SEWING BOX RETROSPOT DESIGN 
21705,BAG 500g SWIRLY MARBLES
84031A,CHARLIE+LOLA RED HOT WATER BOTTLE 
23015,CORDIAL GLASS JUG
22393,PAPERWEIGHT VINTAGE COLLAGE
21684,SMALL MEDINA STAMPED METAL BOWL 
84192,ASSORTED COLOUR METAL CAT 
79190D,RETRO PLASTIC DAISY TRAY
84993B,75 BLACK PETIT FOUR CASES
23524,WALL ART HORSE & PONY 
21527,RED RETROSPOT TRADITIONAL TEAPOT 
22283,6 EGG HOUSE PAINTED WOOD
21476,STEEL SWEETHEART ROUND TABLE CREAM
35241,ENAMEL BLUE RIM BISCUIT BIN
84813,SET OF 4 DIAMOND NAPKIN RINGS
21537,RED RETROSPOT PUDDING BOWL
22260,FELT EGG COSY BLUE RABBIT 
23280,FOLDING BUTTERFLY MIRROR HOT PINK 
84859A,SILVER DISCO HANDBAG
21520,BOOZE & WOMEN GREETING CARD 
16046,TEATIME PEN CASE & PENS
20781,GOLD EAR MUFF HEADPHONES
22825,DECORATIVE PLANT POT WITH FRIEZE
82011B,BATHROOM SCALES RUBBER DUCKS
21400,RED PUDDING SPOON
84884A,ANT WHITE WIRE HEART SPIRAL
21642,ASSORTED TUTTI FRUTTI PEN
22073,RED RETROSPOT STORAGE JAR
21422,PORCELAIN ROSE SMALL
21613,S/12 VANILLA  BOTANICAL T-LIGHTS
84827,ASS DES PHONE SPONGE CRAFT STICKER
71495A,CD WALL TIDY BLUE OFFICE
15060B,FAIRY CAKE DESIGN UMBRELLA
21879,HEARTS GIFT TAPE
22201,FRYING PAN BLUE POLKADOT
22524,CHILDRENS GARDEN GLOVES BLUE
37471,MULTICOLOUR POLKADOT PLATE
21059,PARTY INVITES DINOSAURS
21942,SKULLS DESIGN FLANNEL
35916C,PINK FELT HANGING HEART W FLOWER
72799C,PINK PILLAR CANDLE SILVER FLOCK
84581,DOG TOY WITH PINK CROCHET SKIRT
22322,BIRD DECORATION GREEN POLKADOT
21289,LARGE STRIPES CHOCOLATE GIFT BAG
21107,CREAM SLICE FLANNEL PINK SPOT 
21518,BANK ACCOUNT  GREETING  CARD 
23236,DOILEY BISCUIT TIN
23254,KIDS CUTLERY DOLLY GIRL 
21204,DAISIES  HONEYCOMB GARLAND 
47310M,SMALL POP BOX FUNKY MONKEY
23422,PANTRY HOOK BALLOON WHISK 
35646,VINTAGE BEAD PINK EVENING BAG
20657,TROPICAL LUGGAGE TAG
22313,OFFICE MUG WARMER PINK
85111,SILVER GLITTER FLOWER VOTIVE HOLDER
21634,ASSORTED MINI MADRAS NOTEBOOK
22137,BATHROOM SET LOVE HEART DESIGN
22048,BIRTHDAY BANQUET GIFT WRAP
23546,WRAP PAISLEY PARK 
23470,CARD HOLDER LOVE BIRD LARGE 
84976,RECTANGULAR SHAPED MIRROR
20848,ZINC HEART LATTICE CHARGER SMALL
23451,SQUARE MINI PORTRAIT FRAME
16237,SLEEPING CAT ERASERS
84457,SET/3 RABBITS FLOWER SKIPPPING ROPE
22525,CHILDRENS GARDEN GLOVES PINK
22881,NUMBER TILE VINTAGE FONT 2
84715,SET OF 6 ICE CREAM SKITTLES
22108,PING! MICROWAVE PLATE
22538,MINI JIGSAW GO TO THE FAIR
23454,THREE MINI HANGING FRAMES
23481,PEARLISED IVORY HEART SMALL 
22800,ANTIQUE TALL SWIRLGLASS TRINKET POT
85006,SET 4 NURSERY DES ROUND BOXES
85141,JARDIN ETCHED GLASS FRUITBOWL
21129,SILVER FISHING GNOME 
84913B,MINT GREEN ROSE TOWEL
35968,FOLK ART METAL HEART T-LIGHT HOLDER
90154,LAZER CUT NECKLACE W PASTEL BEADS
35809A,ENAMEL PINK TEA CONTAINER
22515,CHILDS GARDEN SPADE PINK
84951A,SET OF 4 PISTACHIO LOVEBIRD COASTER
90125D,PURPLE BERTIE GLASS BEAD BAG CHARM
47563A,RETRO LONGBOARD IRONING BOARD COVER
23552,BICYCLE PUNCTURE REPAIR KIT 
90014A,SILVER/MOP ORBIT NECKLACE
21089,SET/6 GREEN SPRING PAPER CUPS
82616B,FRAPPUCINO SCARF KNITTING KIT
20681,PINK POLKADOT CHILDRENS UMBRELLA
21579,LOLITA  DESIGN  COTTON TOTE BAG
16012,FOOD/DRINK SPONGE STICKERS
21773,DECORATIVE ROSE BATHROOM BOTTLE
82616C,MIDNIGHT GLAMOUR SCARF KNITTING KIT
23558,LANDMARK FRAME LONDON BRIDGE 
22575,METAL MERRY CHRISTMAS WREATH
21580,RABBIT  DESIGN  COTTON TOTE BAG
23222,CHRISTMAS TREE HANGING GOLD
35810B,ENAMEL BLUE RIM COFFEE CONTAINER
16235,RECYCLED PENCIL WITH RABBIT ERASER
23143,ZINC WIRE KITCHEN ORGANISER
22246,MAGIC GARDEN FELT GARLAND 
90210B,CLEAR ACRYLIC FACETED BANGLE
21462,"NURSERY A,B,C PAINTED LETTERS"
21195,PINK  HONEYCOMB PAPER BALL 
90202D,PINK ENAMEL FLOWER HAIR TIE
20956,PORCELAIN T-LIGHT HOLDERS ASSORTED
22216,T-LIGHT HOLDER WHITE LACE
22703,PINK CAT BOWL
16168M,FUNKY MONKEY GIFT BAG MEDIUM
84840,SWEETHEART CARRY-ALL BASKET
23283,DOORMAT VINTAGE LEAF
21221,SET/4 BADGES CUTE CREATURES
17012C,ORIGAMI LAVENDER INCENSE/CANDL SET 
72798C,SET/4 GARDEN ROSE DINNER CANDLE
20821,GOLDIE LOOKING MIRROR
22809,SET OF 6 T-LIGHTS SANTA
21626,VINTAGE UNION JACK PENNANT
20662,FIRST CLASS HOLIDAY PURSE 
84665,SQUARE CHERRY BLOSSOM CABINET
21873,IF YOU CAN'T STAND THE HEAT MUG
84051,ASS COLOUR GLOWING TIARAS
21368,MIRRORED WALL ART LADIES
22756,LARGE YELLOW BABUSHKA NOTEBOOK 
22602,CHRISTMAS RETROSPOT HEART WOOD
23433,HANGING QUILTED PATCHWORK APPLES
46776D,WOVEN SUNSET CUSHION COVER 
22242,5 HOOK HANGER MAGIC TOADSTOOL
72801G,4 BURGUNDY WINE DINNER CANDLES
22107,PIZZA PLATE IN BOX
20704,MR ROBOT SOFT TOY
23186,FRENCH STYLE STORAGE JAR CAFE 
35598B,BLACK CHRISTMAS TREE 60CM
84798A,PINK FOXGLOVE ARTIIFCIAL FLOWER
21196,ROUND WHITE CONFETTI IN TUBE
21882,SKULLS TAPE
22101,MIRROR MOSAIC VOTIVE HOLDER
22932,BAKING MOULD TOFFEE CUP CHOCOLATE
21473,SWEETHEART CREAM STEEL TABLE RECT
46115B,GREEN POP ART MAO CUSHION COVER 
22611,VINTAGE UNION JACK SHOPPING BAG
22482,BLUE TEA TOWEL CLASSIC DESIGN
23015,CORDIAL JUG
84968A,SET OF 16 VINTAGE ROSE CUTLERY
22498,WOODEN REGATTA BUNTING
22391,PAPERWEIGHT HOME SWEET HOME
23226,FILIGREE HEART DAISY WHITE
23029,DOORKNOB CRACKED GLAZE GREEN
22691,DOORMAT WELCOME SUNRISE
21371,MIRRORED WALL ART POPPIES
23553,LANDMARK FRAME CAMDEN TOWN 
21676,FLOWERS  STICKERS
23066,SMALL JEWELLERY STAND
21288,STRIPEY CHOCOLATE NESTING BOXES
23335,EGG FRYING PAN IVORY 
85169B,BLACK LOVE BIRD CANDLE
21972,SET OF 36 DINOSAUR PAPER DOILIES
22095,LADS ONLY TISSUE BOX
23519,EMBROIDERED RIBBON REEL CLAIRE
22286,DECORATION WOBBLY RABBIT METAL 
82613C,"METAL SIGN,CUPCAKE SINGLE HOOK"
22233,JIGSAW RABBIT AND BIRDHOUSE
23360,SET 8 CANDLES VINTAGE DOILY
22214,CANDLE PLATE LACE WHITE
81952V,ROUND PURPLE CLOCK WITH SUCKER
22826,LOVE SEAT ANTIQUE WHITE METAL
20701,PINK CAT FLORAL CUSHION COVER 
17012A,ORIGAMI VANILLA INCENSE/CANDLE SET 
22176,BLUE OWL SOFT TOY
23009,I LOVE LONDON BABY GIFT SET
90147,CHUNKY SILVER NECKLACE PASTEL FLOWE
21243,PINK  POLKADOT PLATE 
72799E,IVORY PILLAR CANDLE SILVER FLOCK
21743,STAR PORTABLE TABLE LIGHT 
90081A,LILY BROOCH AMETHYST COLOUR
90209B,GREEN ENAMEL+GLASS HAIR COMB
22062,CERAMIC BOWL WITH LOVE HEART DESIGN
23086,ZINC  STAR T-LIGHT HOLDER 
81950V,FLOWER PURPLE CLOCK W/SUCKER
22599,CHRISTMAS MUSICAL ZINC STAR
22891,TEA FOR ONE POLKADOT
21841,BABY MOUSE RED GINGHAM DRESS
90108,BLUE BLOSSOM HAIR CLIP
22282,12 EGG HOUSE PAINTED WOOD
85087,CANDY SPOT CUSHION COVER
21033,JUMBO BAG CHARLIE AND LOLA TOYS
21132,SILVER STANDING GNOME   
84226,HEN HOUSE W FAMILY IN BARN & NEST
21725,SWEETIES  STICKERS
72812,LARGE ZINC GLASS CANDLEHOLDER
84551,CROCHET DOG KEYRING
22405,MONEY BOX POCKET MONEY DESIGN
22304,COFFEE MUG BLUE PAISLEY DESIGN
90059C,DIAMANTE HAIR GRIP PACK/2 MONTANA
21040,MODERN VINTAGE COTTON SHOPPING BAG
46000U,POLYESTER FILLER PAD 30CMx30CM
21662,VINTAGE GLASS COFFEE CADDY
62018,SOMBRERO 
22862,LOVE HEART NAPKIN BOX 
90214D,"LETTER ""D"" BLING KEY RING"
23421,PANTRY HOOK SPATULA
22651,GENTLEMAN SHIRT REPAIR KIT 
21200,MULTICOLOUR HONEYCOMB PAPER GARLAND
90119,METALIC LEAVES BAG CHARMS
22503,CABIN BAG VINTAGE PAISLEY
84313C,ORANGE TV TRAY TABLE 
22480,RED TEA TOWEL CLASSIC DESIGN
21622,VINTAGE UNION JACK CUSHION COVER
22802,FAUX FUR CHOCOLATE THROW
23169,CLASSIC GLASS SWEET JAR
17107D,FLOWER FAIRY 5 DRAWER LINERS
84754,S/15 SILVER GLASS BAUBLES IN BAG
21503,TOYBOX  WRAP 
84358,FLOOR LAMP SHADE WOOD BASE
21818,GLITTER CHRISTMAS HEART 
23271,CHRISTMAS TABLE SILVER CANDLE SPIKE
23548,WRAP MAGIC FOREST 
23117,POPPY FIELDS CHOPPING BOARD
90214Y,"LETTER ""Y"" BLING KEY RING"
20826,SILVER APERITIF GLASS
23536,WALL ART VILLAGE SHOW 
22466,FAIRY TALE COTTAGE NIGHT LIGHT
21983,PACK OF 12 BLUE PAISLEY TISSUES 
79144B,PAINTED LIGHTBULB STAR+ MOON
23045,PAPER LANTERN 5 POINT STAR MOON 
21717,EASTER TIN BUCKET
21215,IVORY PAPER CUP CAKE CASES 
84388,WISE MAN STAR SHAPE EGG PAN
22229,BUNNY WOODEN PAINTED WITH FLOWER 
84927F,PSYCHEDELIC TILE HOOK
22701,PINK DOG BOWL
35004C,SET OF 3 COLOURED  FLYING DUCKS
21292,SMALL STRIPES CHOCOLATE GIFT BAG 
22286,"DECORATION , WOBBLY RABBIT , METAL "
84509C,SET OF 4 POLKADOT PLACEMATS 
16248B,BLUE HOLE PUNCH
22783,SET 3 WICKER OVAL BASKETS W LIDS
21750,LARGE SKULL WINDMILL
84877D,BLUE ROUND COMPACT MIRROR
84452,METAL RABBIT LADDER EASTER 
23253,16 PIECE CUTLERY SET PANTRY DESIGN
84247G,"DECOUPAGE,GREETING CARD,"
85031A,ROMANTIC IMAGES SCRAP BOOK SET
22707,WRAP MONSTER FUN 
21369,MIRRORED WALL ART SPLODGES
21043,APRON MODERN VINTAGE COTTON
23597,PAPER BUNTING PAISLEY PARK
85040B,SET/4 BLUE FLOWER CANDLES IN BOWL
23369,SET 36 COLOUR PENCILS LOVE LONDON
21723,ALPHABET HEARTS STICKER SHEET
84773,RED ROSE AND LACE C/COVER
21455,PAINTED YELLOW WOODEN DAISY
21633,SUNFLOWER DECORATIVE PARASOL
22882,NUMBER TILE VINTAGE FONT 3
23438, RED SPOT GIFT BAG LARGE
21373,MIRRORED WALL ART SNOWFLAKES
23336,EGG FRYING PAN PINK 
22928,YELLOW GIANT GARDEN THERMOMETER
79030G,TUMBLER NEW ENGLAND
21812,GARLAND WITH HEARTS AND BELLS
22777,GLASS CLOCHE LARGE
23435,3 RAFFIA RIBBONS VINTAGE CHRISTMAS
21808,"CHRISTMAS GARLAND STARS,TREES"
22824,3 TIER SWEETHEART GARDEN SHELF
84559B,3D SHEET OF CAT STICKERS
21418,STARFISH SOAP DISH
23415,HOME SWEET HOME HOOK
84820,DANISH ROSE TRINKET TRAYS
20699,MOUSEY LONG LEGS SOFT TOY
21069,VINTAGE BILLBOARD TEA MUG
90162C,ANT SILVER FUSCHIA BOUDICCA RING
84535A,ENGLISH ROSE NOTEBOOK A6 SIZE
23068,ALUMINIUM HEART
84596J,MIXED NUTS LIGHT GREEN BOWL
23537,WALL ART I LOVE LONDON 
20802,SMALL GLASS SUNDAE DISH CLEAR
79190A,RETRO PLASTIC 70'S TRAY
21775,DECORATIVE FLORE BATHROOM BOTTLE
15044B,BLUE PAPER PARASOL 
22394,PAPERWEIGHT KINGS CHOICE 
23142,IVORY WIRE KITCHEN ORGANISER
23525,BUFFALO BILL WALL ART 
21696,SMALL SILVER TRELLIS CANDLEPOT
72816,SET/3 CHRISTMAS DECOUPAGE CANDLES
23018,LARGE APOTHECARY MEASURING JAR 
81950B,FLOWER BLUE CLOCK WITH SUCKER
22042,CHRISTMAS CARD SINGING ANGEL
PADS,PADS TO MATCH ALL CUSHIONS
22471,TV DINNER TRAY AIR HOSTESS 
75172,PAINTED SEA SHELL METAL WINDCHIME
16016,LARGE CHINESE STYLE SCISSOR
23560,SET OF 6 RIBBONS COUNTRY STYLE
22843,BISCUIT TIN VINTAGE GREEN
44235,ASSORTED COLOURED CIRCLE MOBILE 
23518,EMBROIDERED RIBBON REEL RACHEL 
21911,GARDEN METAL SIGN 
84858C,PINK RIVIERA HANDBAG
84522,PINK PARTY SUNGLASSES
21426,WOODLAND STORAGE BOX SMALL
35597D,PINK/WHITE CHRISTMAS TREE 30CM
20697,LITTLE GREEN MONSTER SOFT TOY
47469,ASSORTED SHAPES PHOTO CLIP SILVER 
21897,POTTING SHED CANDLE CITRONELLA
23022,SMALL BONNE JAM JAR  T-LIGHT HOLDER
72803A,ROSE SCENT CANDLE JEWELLED DRAWER
21849,SILVER DIAMANTE PEN IN GIFT BOX
20707,CRAZY DAISY HEART DECORATION
21030,SPACE CADET RED
23058,CHRISTMAS HANGING SNOWFLAKE
84678,CLASSICAL ROSE SMALL VASE
47518F,ICON PLACEMAT POP ART ELVIS
20830,SILVER PHOTO FRAME
20772,GARDEN PATH JOURNAL
22202,MILK PAN PINK POLKADOT
22717,CARD DOG AND BALL 
85170B,SET/6 BLACK BIRD T-LIGHT CANDLES
84875B,GREEN SQUARE COMPACT MIRROR
23545,WRAP RED DOILEY
23370,SET 36 COLOURING PENCILS DOILY
82001S,SILVER RECORD COVER FRAME
21026,SPACE OWL
22760,"TRAY, BREAKFAST IN BED"
84559A,3D SHEET OF DOG STICKERS
21815,STAR  T-LIGHT HOLDER 
22583,PACK OF 6 HANDBAG GIFT BOXES
23378,PACK OF 12 50'S CHRISTMAS TISSUES
22458,CAST IRON HOOK GARDEN FORK
72225C,LAVENDER SCENT CAKE CANDLE
23057,BEADED CHANDELIER T-LIGHT HOLDER
84997B,RED 3 PIECE RETROSPOT CUTLERY SET
23139,SINGLE WIRE HOOK PINK HEART
23521,WALL ART CAT AND BIRD 
21421,PORCELAIN ROSE LARGE 
20906,VINTAGE NOTEBOOK BEAUTY GIRL
21095,SET/6 POSIES PAPER PLATES
85017C,ENVELOPE 50 CURIOUS IMAGES
22181,SNOWSTORM PHOTO FRAME FRIDGE MAGNET
21351,CINAMMON & ORANGE WREATH
47421,ASSORTED COLOUR LIZARD SUCTION HOOK
23465,TUSCAN VILLA FEEDING STATION
21417,COCKLE SHELL DISH
85114B,IVORY ENCHANTED FOREST PLACEMAT
90209C,PINK ENAMEL+GLASS HAIR COMB
23025,DRAWER KNOB VINTAGE GLASS BALL
79191D,RETRO PLASTIC DAISY TRAY
72127,COLUMBIAN CANDLE ROUND 
85215,ASSORTED CHEESE FRIDGE MAGNETS
22256,FELT FARM ANIMAL CHICKEN
21698,MOCK LOBSTER FRIDGE MAGNET
85024C,PINK SMALL JEWELLED PHOTOFRAME
22700,BLACK AND WHITE DOG BOWL
22858,EASTER TIN KEEPSAKE
22829,SWEETHEART WIRE WALL TIDY
84660A,WHITE STITCHED WALL CLOCK
20669,RED HEART LUGGAGE TAG
84712B,PINK JEWELLED PHOTO FRAME
22911,PAPER CHAIN KIT LONDON
85135C,RED DRAGONFLY HELICOPTER
22288,HANGING METAL RABBIT DECORATION
84926A,WAKE UP COCKEREL TILE COASTER
22444,GROW YOUR OWN PLANT IN A CAN 
21307,SET/4 BUTTERFLY MIRROR MAGNETS
23486,ANTIQUE HEART SHELF UNIT
90120D,WHITE MURANO TWIST BRACELET
21365,MIRRORED WALL ART STARS
35909A,RABBIT EASTER DECORATION
21145,ANTIQUE GLASS PLACE SETTING
21803,CHRISTMAS TREE STAR DECORATION
23549,WRAP BIRD GARDEN 
22486,PLASMATRONIC LAMP
20760,GARDEN PATH POCKET BOOK
35095A,BLUE VICTORIAN FABRIC OVAL BOX
47341B,BLUE TABLE RUN FLOWER
23576,SNACK TRAY RED VINTAGE DOILY
21707,FOLDING UMBRELLA BLACKBLUE POLKADOT
35265,COLOURFUL FLOWER FRUIT BOWL
47589,CONGRATULATIONS BUNTING
22344,PARTY PIZZA DISH PINK POLKADOT
23280,FOLDING MIRROR HOT PINK 
90198B,VINTAGE ROSE BEAD BRACELET BLACK
85130A,BEADED PEARL HEART WHITE LARGE
84592,CROCHET ROSE PURSE WITH SUEDE BACK
79051A,SMOKEY GREY COLOUR D.O.F. GLASS
21087,SET/6 POSIES PAPER CUPS
22247,BUNNY DECORATION MAGIC GARDEN
90030B,RED KUKUI COCONUT SEED NECKLACE
90184A,AMBER CHUNKY BEAD BRACELET W STRAP
23216,LAUREL HEART ANTIQUE GOLD
21694,SMALL REGAL  SILVER CANDLEPOT 
23468,TUSCAN VILLA BIRD TABLE 
85064,CREAM SWEETHEART LETTER RACK
23061,VINTAGE EMBOSSED HEART
23272,TREE T-LIGHT HOLDER WILLIE WINKIE
21465,PINK FLOWER CROCHET FOOD COVER
84548,CROCHET BEAR RED/BLUE  KEYRING
23442,12 HANGING EGGS HAND PAINTED
21000,ROSE DU SUD COSMETICS BAG
22762,CUPBOARD 3 DRAWER MA CAMPAGNE
22043,CHRISTMAS CARD SCREEN PRINT 
23476,WOODLAND LARGE RED FELT HEART
23489,"GARLAND, VINTAGE BELLS"
20768,GREEN FERN JOURNAL 
21904,HOUSE WRECKING METAL SIGN 
47594A,CAROUSEL DESIGN WASHBAG
23360,SET 8 CANDLES VINTAGE DOILEY
23567,EGG CUP HENRIETTA HEN PINK
23458,DOLLY CABINET 3 DRAWERS 
22868,NUMBER TILE COTTAGE GARDEN 0 
23472, NINE DRAWER OFFICE TIDY
85024B,EAU DE NILE JEWELLED PHOTOFRAME
21191,LARGE WHITE HONEYCOMB PAPER BELL  
90101,WHITE FRANGIPANI NECKLACE
72800B, 4 PURPLE FLOCK DINNER CANDLES
22263,FELT EGG COSY LADYBIRD 
22408,MONEY BOX CONFECTIONERY DESIGN
17012D,ORIGAMI ROSE INCENSE/CANDLE SET 
90089,PINK CRYSTAL SKULL PHONE CHARM
22474,SPACEBOY TV DINNER TRAY
85088,CANDY SPOT HAND BAG
82613A,"METAL SIGN,CUPCAKE SINGLE HOOK"
22459,CAST IRON HOOK GARDEN TROWEL
20684,STRAWBERRY DREAM CHILDS UMBRELLA
23327,HANGING CLEAR MINI BOTTLE
16161G,WRAP BAD HAIR DAY
22165,"DIAMANTE HEART SHAPED WALL MIRROR, "
71406C,BLACK ORANGE SQUEEZER
20622,VIPPASSPORT COVER 
21749,LARGE RED RETROSPOT WINDMILL
84882,GREEN WIRE STANDING CANDLE HOLDER
22339,CHRISTMAS TREE PAINTED ZINC 
90214L,"LETTER ""L"" BLING KEY RING"
20854,BLUE PATCH PURSE PINK HEART
23379,PACK OF 12 RED APPLE TISSUES
84086C,PINK/PURPLE RETRO RADIO
22461,SAVOY ART DECO CLOCK
90018C,SILVER BLACK ORBIT DROP EARRINGS
90182C,BLACK 3 BEAD DROP EARRINGS
22305,COFFEE MUG PINK PAISLEY DESIGN
84931B,BLUE SCOTTIE DOG W FLOWER PATTERN
16218,CARTOON  PENCIL SHARPENERS
84916,HAND TOWEL PALE BLUE W FLOWERS
22792,FLUTED ANTIQUE CANDLE HOLDER
21656,RIDGED GLASS POSY VASE 
20868,SILVER FABRIC MIRROR
20619,TROPICAL PASSPORT COVER 
22872,NUMBER TILE COTTAGE GARDEN 4
23168,CLASSIC SUGAR DISPENSER
90169,DAISY HAIR COMB
84913A,SOFT PINK ROSE TOWEL 
23065,LARGE JEWELLERY STAND
85232D,SET/3 DECOUPAGE STACKING TINS
85194S,HANGING SPRING FLOWER EGG SMALL
23474,WOODLAND SMALL BLUE FELT HEART
90196A,PURPLE GEMSTONE NECKLACE 45CM
16236,KITTY PENCIL ERASERS
21374,MIRRORED WALL ART SKULLS
21811,CHRISTMAS HANGING HEART WITH BELL
85205B,PINK FELT EASTER RABBIT GARLAND
23477,WOODLAND LARGE BLUE FELT HEART
46000P,POLYESTER FILLER PAD 65CMx65CM
47348A,FUSCHIA VOILE POINTY SHOE DEC
90175C,BLUE GLASS CHUNKY CHARM BRACELET
90202B,WHITE ENAMEL FLOWER HAIR TIE
90200B,BLACK SWEETHEART BRACELET
35819B,"ACRYLIC HANGING JEWEL,BLUE"
84509G,SET OF 4 FAIRY CAKE PLACEMATS 
35653,VINTAGE BEAD NOTEBOOK
23530,WALL ART ONLY ONE PERSON 
22529,MAGIC DRAWING SLATE GO TO THE FAIR 
35443,RASTA IN BATH W SPLIFF ASHTRAY
78033,FLAG OF ST GEORGE CHAIR
21294,ETCHED GLASS COASTER
23400,SHELF WITH 4 HOOKS HOME SWEET HOME
84857C,PINK MONTE CARLO HANDBAG
85028S,FRENCH CHATEAU SMALL FRUITBOWL
21359,RELAX LARGE WOOD LETTERS
23149,ANTIQUE IVORY WIRE BOWL SMALL
84763,ZINC FINISH 15CM PLANTER POTS
21192,WHITE BELL HONEYCOMB PAPER 
85185B,PINK HORSE SOCK PUPPET
23026,DRAWER KNOB VINTAGE GLASS STAR
84691,PACK 20 DOLLY PEGS
84968E,SET OF 16 VINTAGE BLACK CUTLERY
21051,RIBBONS PURSE 
84558A,3D DOG PICTURE PLAYING CARDS
20894,HANGING BAUBLE T-LIGHT HOLDER LARGE
35810A,ENAMEL PINK COFFEE CONTAINER
90036B,"FLOWER GLASS GARLAND NECKL.36""GREEN"
DOT,DOTCOM POSTAGE
22884,NUMBER TILE VINTAGE FONT 5
84673A,PINK FLY SWAT
90002D,FLOWER BURST SILVER RING CRYSTAL
35004B,SET OF 3 BLACK FLYING DUCKS
22129,PARTY CONES CANDY TREE DECORATION
22643,SET OF 4 NAPKIN CHARMS LEAVES   
47341A,FUSCHIA TABLE RUN FLOWER 
23218,LAUREL STAR ANTIQUE GOLD
84917,WHITE HAND TOWEL WITH BUTTERFLY
85211,S/4 GROOVY CAT MAGNETS
85167B,BLACK GRAND BAROQUE PHOTO FRAME
90030A,SPOTTED WHITE NATURAL SEED NECKLACE
23075,DOUBLE CERAMIC PARLOUR HOOK
23514,EMBROIDERED RIBBON REEL SALLY 
22447,PIN CUSHION BABUSHKA BLUE
22786,CUSHION COVER PINK UNION JACK
22453,MEASURING TAPE BABUSHKA BLUE
85025B,EAU DE NILE HEART SHAPE PHOTO FRAME
21332,MOROCCAN BEATEN METAL MIRROR
84925F,PSYCHEDELIC WALL THERMOMETER
22688,DOORMAT PEACE ON EARTH BLUE
37475,SET/4 COLOURFUL MIXING BOWLS
84711A,SILVER OVAL SHAPE TRINKET BOX
23575,SNACK TRAY PAISLEY PARK
85045,GREEN CHRISTMAS TREE STRING 20LIGHT
23448,CREAM BUNNY EASTER EGG BASKET
21682,LARGE MEDINA STAMPED METAL BOWL 
23694,PAISLEY PARK CARD
23377,PACK OF 12 DOLLY GIRL TISSUES
85186A,EASTER BUNNY GARLAND OF FLOWERS
84247K,"FOLK ART GREETING CARD,pack/12"
23547,WRAP FLOWER SHOP  
21614,SET OF 12 ROSE BOTANICAL T-LIGHTS
21027,NINJA RABBIT PINK
21823,PAINTED METAL HEART WITH HOLLY BELL
84519A,TOMATO CHARLIE+LOLA COASTER SET
10120,DOGGY RUBBER
16151A,FLOWERS HANDBAG blue and orange
47351B,BLUE  VOILE LAMPSHADE
21112,SWISS ROLL TOWEL PINK  SPOTS
22060,LARGE CAKE STAND HANGING HEARTS
84826,ASSTD DESIGN 3D PAPER STICKERS
22299,PIG KEYRING WITH LIGHT & SOUND 
90166,PINK & WHITE ROSEBUD RING
90198A,VINTAGE ROSE BEAD BRACELET RASPBERR
20670,VIP HOLIDAY PURSE
84919,BLUE CUSHION COVER WITH FLOWER
21459,YELLOW EASTER EGG HUNT START POST
85195,HANGING HEART BASKET
90058A,CRYSTAL STUD EARRINGS CLEAR DISPLAY
23526,WALL ART DOG LICENCE 
21973,SET OF 36 MUSHROOM PAPER DOILIES
78034B,BLUE NETTING STORAGE HANGER
21377,SMALL CAMPHOR WOOD FIELD  MUSHROOM
22038,BOTANICAL LAVENDER GIFT WRAP 
21721,CANDY SHOP  STICKER SHEET
85039A,SET/4 RED MINI ROSE CANDLE IN BOWL
79336,LIGHT PINK FLOCK GLASS CANDLEHOLDER
21720,CAKE SHOP  STICKER SHEET
21807,WHITE CHRISTMAS STAR DECORATION
84711B,PINK OVAL SHAPE TRINKET BOX
22051,BLUE SCANDINAVIAN PAISLEY WRAP
18007,ESSENTIAL BALM 3.5g TIN IN ENVELOPE
84508C,BLUE CIRCLES DESIGN TEDDY
23389,SPACEBOY MINI RUCKSACK
23523,TREASURE AHOY WALL ART
22259,FELT FARM ANIMAL HEN
22446,PIN CUSHION BABUSHKA PINK
23324,RUSTIC STRAWBERRY JAMPOT LARGE 
72132,COLUMBIAN CUBE CANDLE
21738,COSY SLIPPER SHOES SMALL  RED 
35637A,IVORY STRING CURTAIN WITH POLE 
35001G,HAND OPEN SHAPE GOLD
23539,WALL ART LOVES' SECRET 
23565,EGG CUP MILKMAID HELGA 
20763,DAISY SKETCHBOOK 
21538,DAIRY MAID  PUDDING BOWL
21910,WAY OUT METAL SIGN 
23126,DOLLCRAFT GIRL AMELIE
84638,SMALL KITCHEN FLOWER POTS PLAQUE
